SEXO,IDADE,ALTURA_CM
1,47,169.0
2,71,138.0
1,44,170.0
2,56,155.0
2,58,162.0
2,19,160.0
2,16,165.0
1,21,168.3
1,59,172.8
1,45,167.5
1,17,181.0
1,25,181.5
2,26,155.9
2,54,156.5
1,63,168.0
1,37,178.0
1,23,180.0
1,48,161.9
2,52,160.5
1,51,170.2
2,20,156.2
2,25,158.0
2,55,157.9
2,39,148.1
1,44,163.1
1,50,173.4
1,29,186.0
1,63,167.5
2,31,145.8
1,53,163.0
2,17,162.5
2,78,155.6
1,68,162.1
2,41,159.8
2,50,157.3
1,54,164.6
2,86,142.7
1,34,177.0
1,56,170.3
1,70,165.0
1,39,178.4
2,34,170.4
1,40,172.3
2,63,150.0
2,42,163.5
2,35,159.1
2,19,166.2
2,36,162.7
1,54,173.5
1,62,167.5
1,25,172.5
2,74,160.0
1,57,174.0
2,71,150.0
2,38,155.0
2,20,160.5
2,22,164.1
1,44,158.5
2,55,149.1
1,58,174.7
1,38,168.5
2,25,170.4
1,26,178.7
1,28,170.5
1,51,159.4
2,17,163.0
2,31,151.2
2,23,175.0
1,18,179.6
1,22,178.6
2,48,149.5
2,51,161.9
1,66,172.5
1,53,177.5
1,60,158.2
1,42,188.6
2,51,164.0
1,29,188.9
1,21,171.1
2,31,152.2
2,73,147.9
2,51,160.8
2,68,153.2
1,60,169.7
2,39,153.0
1,82,166.0
1,16,178.6
1,71,149.5
1,72,166.0
1,24,170.0
2,48,150.5
2,21,165.4
2,30,157.7
2,27,161.8
2,58,157.6
2,36,159.1
2,76,154.2
1,52,169.0
2,26,158.5
1,35,173.0
2,22,159.3
1,49,168.6
2,66,155.8
1,26,173.6
1,44,167.0
2,58,157.0
2,46,154.3
2,55,159.0
1,73,173.0
2,60,163.0
1,66,170.5
1,35,173.0
2,49,164.0
1,44,176.2
2,32,161.3
2,40,159.5
1,64,170.0
1,58,160.3
1,64,170.0
1,44,184.0
1,67,161.3
2,15,160.3
1,50,175.8
1,20,188.5
2,39,150.9
1,58,169.0
2,97,155.8
2,63,171.3
1,55,188.0
2,24,165.0
2,32,159.0
1,23,181.5
2,56,174.0
2,38,158.0
2,74,160.0
2,33,162.0
2,36,168.0
2,29,159.5
2,25,162.5
2,63,156.5
1,21,169.5
2,37,163.5
1,39,160.5
1,61,163.4
2,21,158.0
2,43,146.0
1,66,153.0
2,35,157.0
1,18,175.0
2,58,158.5
1,68,149.0
2,41,150.0
1,24,186.0
1,55,165.0
1,23,182.0
2,43,130.0
1,81,158.0
2,29,157.0
2,42,151.7
2,15,162.0
1,17,167.5
1,34,165.0
1,66,156.0
2,36,146.0
1,77,164.5
2,76,146.0
1,26,160.0
1,64,177.0
2,57,155.0
2,30,160.0
1,32,174.0
1,67,154.0
1,52,160.0
1,21,175.0
2,19,161.2
1,24,166.4
2,59,159.1
1,73,154.0
1,57,165.0
2,46,158.0
1,55,165.0
2,29,151.0
1,26,173.0
2,46,159.0
2,49,150.0
1,37,171.5
2,31,157.0
2,63,150.0
1,62,166.0
2,51,156.5
2,42,163.0
2,49,158.0
1,79,159.5
1,49,165.0
1,70,159.0
2,39,162.5
1,34,165.0
1,66,159.5
2,34,157.0
2,27,167.0
1,53,164.5
2,23,180.0
1,23,186.5
1,22,187.0
1,30,172.5
1,87,154.0
2,45,172.5
1,37,165.0
2,59,160.0
2,51,152.5
2,34,154.0
1,32,154.5
2,31,160.0
2,30,148.0
1,38,165.0
1,57,160.5
2,41,156.5
2,37,148.5
2,49,155.0
1,37,175.0
2,44,147.0
2,34,158.0
2,35,154.0
2,54,160.0
1,39,166.0
2,58,150.0
2,41,158.0
1,30,175.0
2,30,160.0
2,36,156.0
2,59,160.0
1,37,168.0
2,59,160.0
1,18,171.0
1,32,178.0
2,17,148.0
1,51,167.0
2,41,156.0
1,53,167.5
1,27,170.0
2,22,165.0
2,48,168.0
2,74,158.0
2,49,162.0
1,16,173.0
2,77,154.0
1,32,173.0
1,54,173.0
2,63,152.0
1,18,183.5
2,62,156.0
1,74,157.7
2,21,158.0
2,36,168.0
1,62,161.0
1,61,172.0
1,18,167.0
2,93,146.0
2,30,155.0
2,39,149.0
2,26,156.0
2,83,146.5
1,17,155.0
2,79,161.5
2,51,160.0
2,23,155.0
2,38,160.0
1,16,180.0
1,36,160.0
1,32,169.0
2,32,160.0
1,17,181.0
1,41,178.0
2,50,164.5
2,53,158.5
2,45,158.0
1,42,161.0
1,43,170.0
1,18,163.5
1,18,160.0
2,38,156.0
2,47,169.0
2,18,151.0
1,68,168.0
1,44,162.0
2,26,158.0
1,18,155.0
2,37,150.0
2,26,155.0
2,37,156.0
1,74,156.5
1,31,175.0
1,54,164.0
1,58,175.5
1,59,160.0
2,74,146.0
1,74,160.0
1,20,168.0
1,67,155.0
1,38,173.0
1,65,172.0
1,22,170.0
1,60,162.0
1,23,162.0
1,20,165.0
1,51,161.5
2,64,155.5
2,69,162.0
1,34,173.5
1,30,174.0
2,29,164.0
2,39,149.0
2,61,157.0
1,35,171.0
1,49,167.0
2,47,162.0
1,78,171.2
1,28,170.9
1,23,185.1
1,64,162.7
1,62,166.0
1,65,169.0
1,23,170.0
1,41,160.0
1,27,164.0
1,104,160.0
1,21,161.0
1,51,162.0
1,35,153.0
1,39,166.0
1,65,166.0
2,44,165.0
1,57,162.0
1,29,158.0
1,51,168.0
1,49,163.0
1,37,161.5
1,63,159.0
2,52,162.9
1,50,164.0
2,49,163.0
1,45,175.3
2,22,160.3
2,49,153.7
1,25,170.0
1,20,170.0
1,32,177.0
2,27,159.0
2,45,160.0
2,25,159.0
1,30,155.0
1,24,162.5
2,85,155.0
1,54,167.0
2,86,138.0
1,47,163.8
2,16,151.0
1,28,167.3
2,72,147.0
1,54,165.5
1,61,164.4
1,54,162.2
1,31,162.8
2,55,143.0
2,48,151.0
2,19,154.5
2,39,154.0
2,76,143.5
2,40,155.8
2,32,159.0
1,63,166.1
1,24,174.0
1,34,164.0
1,40,164.0
2,69,152.0
1,39,160.0
2,41,149.0
1,23,174.0
1,48,155.0
2,72,157.0
1,15,170.0
2,51,164.0
1,28,177.0
1,18,185.0
2,65,152.0
1,69,162.0
2,15,151.0
1,60,184.0
2,57,166.9
1,28,164.0
1,76,160.0
1,55,160.0
1,60,159.0
1,43,163.0
2,67,157.0
2,68,163.0
2,80,153.0
1,52,163.5
2,68,157.5
2,32,152.0
1,51,181.0
2,63,150.7
2,32,150.5
2,34,148.5
1,44,153.0
1,15,182.0
1,56,169.0
1,67,171.5
2,61,159.0
2,46,153.0
1,56,168.0
2,25,166.5
2,73,152.0
1,71,159.0
2,53,165.5
1,57,152.0
2,56,149.0
2,41,165.0
2,35,168.0
1,17,174.0
2,66,154.0
1,69,171.5
1,72,164.0
1,44,166.5
2,50,169.0
2,35,175.0
1,20,169.5
2,30,158.0
2,86,153.4
2,31,156.5
2,22,157.0
2,42,151.0
2,24,160.0
1,38,161.0
1,33,182.0
2,30,156.0
2,20,160.0
2,33,168.0
1,33,174.5
1,32,168.0
2,75,143.0
2,19,165.0
1,68,173.0
2,36,160.0
2,29,156.0
1,39,169.3
1,19,169.0
1,59,164.0
2,40,174.0
2,34,163.0
2,33,153.0
2,29,172.0
2,39,162.0
2,64,154.5
1,39,175.0
2,27,155.0
2,35,163.0
1,19,192.0
2,38,154.0
2,23,148.0
1,46,163.3
1,42,167.5
1,16,178.7
2,44,150.5
1,32,180.0
1,52,170.4
2,35,157.5
2,44,161.0
1,50,170.2
1,18,174.1
1,57,168.0
2,38,164.2
1,39,166.0
1,37,164.0
2,20,152.5
2,73,152.0
1,49,161.0
1,37,162.2
2,29,155.0
1,20,172.0
1,35,161.5
1,38,174.2
2,32,166.0
1,37,169.0
2,21,159.6
1,50,172.0
1,48,177.9
1,52,177.5
2,32,167.0
2,42,167.5
2,75,159.5
1,63,169.5
2,39,164.0
2,60,162.5
1,49,171.0
2,66,162.3
1,56,165.0
2,34,153.5
1,54,165.1
2,47,169.1
2,28,163.5
1,73,174.0
2,61,157.0
1,39,167.0
1,20,171.0
1,45,169.0
2,15,163.0
1,16,164.0
1,36,168.4
1,51,171.2
2,58,142.0
2,40,157.3
2,69,156.7
2,30,153.0
1,68,156.4
2,23,158.7
1,55,146.5
1,27,170.5
2,32,146.5
1,34,153.5
2,19,149.0
2,41,155.5
1,67,159.0
1,41,164.0
1,19,168.0
1,55,160.5
2,35,157.0
1,34,168.0
1,48,175.0
1,37,174.0
2,35,163.0
2,76,157.0
1,39,170.5
2,33,168.0
2,26,165.5
2,23,157.0
2,25,164.0
2,23,167.0
1,39,170.0
2,28,170.0
1,30,187.0
1,65,154.0
2,58,149.0
1,19,184.0
2,46,161.0
2,77,152.0
1,60,160.0
1,55,167.0
1,49,161.5
2,49,164.0
1,41,164.0
2,31,164.5
2,26,162.0
1,34,173.5
1,42,179.0
2,39,156.0
1,38,163.0
1,23,170.0
1,58,167.0
2,53,175.0
1,34,168.0
1,47,179.0
1,19,171.0
1,67,171.0
1,26,165.5
1,18,174.0
1,79,158.0
1,27,174.0
1,80,174.4
2,54,148.0
1,41,178.5
1,28,169.0
2,82,140.9
1,74,174.9
2,22,157.0
2,32,160.0
2,31,157.0
1,25,172.0
2,55,145.0
1,73,177.1
2,58,158.9
2,62,159.5
1,28,179.2
1,47,173.5
2,23,152.7
2,22,163.3
2,20,150.9
1,16,177.9
2,79,143.6
2,50,158.3
1,53,161.5
2,90,155.0
2,27,154.0
2,52,137.0
2,23,162.0
2,58,153.0
1,41,160.0
1,46,170.0
2,26,146.0
2,32,163.0
1,48,152.0
2,28,169.8
1,37,172.5
2,56,152.5
1,80,166.0
2,48,153.9
1,77,156.5
1,34,170.3
2,58,154.5
2,52,153.0
1,39,166.0
2,36,166.0
1,18,165.0
1,86,162.0
2,45,161.0
2,63,145.0
1,31,174.0
1,55,173.0
2,35,147.0
1,27,165.0
2,26,150.0
2,55,175.0
2,21,160.0
2,33,160.0
2,27,165.3
1,69,157.2
1,16,178.5
2,21,154.5
2,41,149.5
2,32,160.0
2,22,156.0
2,39,147.0
2,29,159.0
1,19,164.0
2,34,156.0
1,15,169.0
2,23,155.0
1,16,168.0
2,20,165.0
2,36,144.5
1,16,163.0
2,35,140.5
2,58,160.0
2,31,141.5
2,40,154.5
2,15,160.0
1,57,163.0
1,49,180.0
1,34,162.0
2,35,160.0
2,49,163.0
2,48,151.0
2,15,167.0
2,28,165.0
1,18,163.0
2,36,145.0
1,42,168.0
1,65,154.1
1,68,151.2
1,31,175.0
1,59,152.7
1,39,168.7
1,39,174.0
2,21,152.6
1,38,163.0
2,58,159.5
2,18,165.0
1,63,160.0
2,50,155.0
1,33,169.5
1,18,195.0
1,46,175.0
1,49,172.0
2,30,155.0
1,52,157.0
1,37,169.0
2,37,149.0
2,62,147.0
2,23,165.0
2,45,151.0
2,16,159.0
1,35,160.4
2,31,155.2
1,36,167.7
2,74,155.4
2,70,151.2
1,31,159.3
2,32,151.0
2,17,159.5
2,21,150.0
1,33,163.0
1,35,172.0
1,50,163.0
2,61,158.5
2,50,151.0
2,74,150.5
1,65,167.0
2,71,141.2
2,38,151.3
2,32,168.6
2,55,163.0
1,30,179.6
1,43,165.5
1,84,177.5
1,74,160.9
1,78,161.0
2,58,160.0
2,66,153.0
1,64,163.5
1,41,179.5
1,73,163.0
2,58,148.9
2,33,165.0
1,65,167.0
2,21,165.3
1,40,187.1
2,62,146.6
2,44,159.5
1,39,178.9
1,79,156.0
1,55,164.4
2,66,158.3
2,56,142.4
1,45,174.5
2,40,149.0
2,63,148.0
2,52,155.0
1,18,176.0
2,48,156.0
2,45,161.0
2,35,162.0
1,77,163.0
2,35,165.0
2,62,160.0
2,55,155.0
2,39,153.0
1,44,175.0
1,52,169.0
1,44,157.0
2,55,154.0
1,45,190.0
2,18,161.0
1,57,165.0
1,61,180.0
1,53,172.0
2,41,146.0
1,42,170.0
1,30,160.7
1,46,172.5
1,34,170.0
2,33,161.3
1,21,163.8
2,49,158.1
2,48,165.0
2,30,157.0
2,23,178.0
2,55,163.0
2,61,160.0
2,21,158.0
2,39,158.0
1,64,181.0
1,26,182.0
1,61,168.0
2,65,153.0
1,30,165.0
2,66,152.9
2,22,159.3
2,28,159.3
2,39,150.0
1,44,169.7
2,47,147.5
1,63,160.0
2,31,153.5
1,79,152.0
1,56,166.0
1,20,170.5
1,81,167.9
2,40,150.2
1,29,174.0
1,70,167.0
1,36,186.2
2,75,150.2
2,31,160.3
2,32,161.8
1,27,167.6
1,31,175.5
1,28,179.0
2,19,154.0
1,46,167.5
2,31,164.0
2,66,160.5
1,20,153.0
1,34,164.4
1,34,173.5
2,83,145.0
1,16,172.1
1,29,168.0
2,76,151.1
1,16,170.5
2,49,165.2
2,41,164.5
2,19,165.3
2,27,149.6
2,33,148.0
2,29,165.5
1,15,174.8
2,33,166.0
2,69,155.0
2,59,146.0
2,65,168.5
2,53,155.0
2,61,152.0
1,78,161.0
2,68,146.0
1,56,166.2
2,44,155.5
2,29,157.4
2,42,165.0
2,37,158.3
2,51,149.0
1,23,173.7
2,15,161.7
2,37,157.5
2,33,162.7
1,17,161.2
1,25,172.5
1,54,156.1
1,34,172.1
1,35,175.2
2,57,150.0
1,46,161.1
1,38,159.7
2,48,146.0
2,31,161.0
1,55,173.0
2,37,152.6
2,90,155.0
2,46,150.0
1,88,164.2
1,31,164.3
2,19,170.1
1,30,164.4
1,17,170.8
2,31,152.1
2,31,159.3
1,37,156.1
2,39,161.6
1,17,177.5
1,35,176.1
1,35,173.1
2,58,151.0
2,60,152.0
1,31,161.1
1,28,173.7
1,35,168.0
1,19,182.1
2,47,162.3
1,15,174.5
2,19,154.0
2,35,163.5
1,54,150.4
1,32,170.2
1,47,170.4
1,55,164.2
2,97,137.9
1,58,163.3
1,86,163.6
1,58,161.1
2,60,154.2
2,18,161.0
2,32,156.3
2,36,167.5
1,61,164.0
2,50,158.0
2,15,157.0
2,30,155.4
1,50,168.0
1,20,175.9
2,43,154.0
2,53,156.0
2,47,165.0
2,31,156.0
1,30,176.3
2,63,153.0
2,20,159.0
2,31,147.0
1,19,167.0
2,32,160.0
1,34,156.6
1,16,169.9
1,42,168.6
1,37,175.1
1,44,153.5
1,19,170.0
2,37,165.0
2,32,157.7
2,42,166.1
1,70,166.0
2,62,141.0
2,51,159.4
2,29,153.5
1,40,172.5
2,33,158.7
2,33,158.9
2,22,157.4
1,51,166.2
2,31,150.0
1,27,176.7
1,74,157.5
2,40,156.7
1,28,171.0
2,44,148.4
1,46,168.5
2,31,159.0
1,18,169.0
2,68,141.4
2,15,156.3
2,78,134.9
1,48,141.0
1,37,158.0
1,78,155.0
1,64,167.0
1,35,167.1
2,16,153.5
2,22,170.2
2,60,142.4
1,65,159.5
2,64,144.3
1,17,175.5
1,16,168.3
1,46,160.4
2,44,158.7
2,48,155.4
2,45,152.3
1,27,168.0
1,58,179.3
1,46,175.9
2,36,154.0
2,17,155.0
2,68,157.0
2,49,147.7
2,39,150.0
2,39,151.8
1,29,182.0
1,33,177.7
2,18,161.0
1,52,155.5
1,18,168.0
2,34,156.0
1,30,170.8
1,87,171.7
1,18,173.4
1,32,163.5
2,39,153.1
1,43,154.1
2,68,149.1
1,49,159.4
1,53,153.5
2,62,145.6
2,61,149.5
2,34,153.2
1,34,170.4
2,44,147.6
1,58,155.1
2,73,147.5
2,42,156.0
2,82,139.0
1,38,175.0
1,37,152.0
1,76,161.0
1,67,147.0
1,60,175.5
1,24,182.0
2,92,155.0
2,46,157.0
1,18,171.0
2,49,171.0
2,46,162.0
1,35,170.0
2,46,161.0
1,39,174.0
2,18,156.0
1,31,163.0
1,44,164.0
2,64,151.5
2,19,167.0
2,27,161.0
2,39,153.0
1,63,172.5
2,86,152.8
2,79,148.3
1,71,149.3
1,63,163.0
2,80,147.0
1,36,179.1
2,54,164.0
1,77,163.0
2,27,162.0
1,62,175.0
1,45,174.0
1,51,165.0
1,29,171.0
1,49,174.5
2,54,155.7
2,63,155.0
2,28,154.0
2,24,152.5
2,86,150.5
1,68,144.1
1,69,159.8
1,52,159.8
2,47,151.6
1,48,158.1
2,24,155.7
1,36,157.6
1,74,156.7
2,50,151.5
2,16,165.5
1,70,173.0
1,35,185.5
1,50,173.5
1,42,150.5
1,66,156.0
2,40,155.4
1,29,168.5
1,19,165.0
1,20,179.0
2,29,158.0
2,52,155.7
1,60,171.0
2,32,154.6
2,72,154.4
2,63,168.3
2,24,161.5
2,73,146.2
1,43,176.0
2,49,147.9
1,34,163.9
2,48,156.8
2,33,154.4
2,18,156.0
1,35,173.1
1,33,163.9
2,32,146.5
1,32,168.5
2,24,168.0
1,46,158.5
2,35,163.5
2,44,145.5
1,39,163.4
2,50,152.7
1,55,171.5
1,62,168.5
1,46,173.0
1,35,165.0
1,35,169.7
1,56,161.3
2,37,150.2
1,40,150.0
1,51,170.0
1,76,156.0
1,64,157.3
2,30,170.1
2,76,146.5
2,29,157.0
2,33,154.0
2,50,149.4
1,44,168.1
2,28,157.9
2,42,146.0
1,53,163.5
1,36,170.7
2,33,155.5
2,59,157.5
2,19,159.0
2,28,157.4
1,49,168.0
1,19,159.8
2,45,150.1
1,36,160.2
1,27,175.0
1,29,164.9
2,31,160.6
2,75,160.5
1,77,159.2
1,18,170.0
2,37,150.0
2,39,162.0
2,32,156.0
2,23,164.0
2,22,155.0
2,69,168.0
2,80,159.0
1,42,175.0
2,84,150.2
1,22,172.3
1,24,172.5
1,26,172.5
2,56,179.5
1,27,186.3
2,77,161.5
1,60,168.4
1,45,175.4
2,44,150.2
2,44,147.0
1,87,162.5
1,56,154.3
2,48,157.4
1,24,169.1
2,40,162.0
2,41,161.2
1,75,171.5
1,34,179.0
2,19,158.4
1,25,170.5
2,27,165.2
1,59,174.5
1,47,166.5
1,36,176.7
1,33,153.6
2,47,171.5
1,58,174.1
2,41,162.0
2,30,158.0
1,31,172.9
1,39,167.3
1,41,158.0
2,16,156.0
1,16,173.0
1,42,163.0
1,28,172.5
2,43,173.0
1,20,172.5
2,41,151.3
2,55,153.0
1,28,168.0
1,46,156.0
1,30,175.0
2,63,153.0
1,35,171.0
2,83,149.0
2,15,157.5
1,66,168.3
1,31,172.0
1,29,182.0
2,77,137.0
1,61,157.0
1,24,170.0
2,30,156.0
1,67,158.0
1,42,167.0
1,18,172.0
1,30,180.0
2,65,160.0
1,55,158.0
2,62,147.0
2,87,146.5
2,40,159.2
1,30,176.6
2,21,163.0
2,56,151.0
2,37,146.0
1,30,173.0
1,60,173.0
1,43,160.0
1,36,161.0
2,46,148.5
1,51,168.6
1,58,161.3
2,56,161.2
1,33,169.2
2,62,162.6
2,30,167.2
2,51,151.5
2,21,160.4
2,32,161.2
2,64,140.2
1,59,164.6
1,71,166.2
2,46,153.8
2,28,161.7
2,79,155.5
1,62,172.4
1,25,175.4
1,27,167.5
1,57,165.2
1,49,160.0
1,67,153.0
2,39,152.5
2,71,152.0
1,31,160.0
2,48,149.0
1,45,178.0
2,51,155.0
1,50,178.0
1,29,155.0
1,75,169.0
1,38,163.5
1,21,175.0
1,80,162.0
1,85,163.2
1,24,161.5
2,58,140.1
1,57,165.2
1,49,165.0
2,42,170.9
1,45,174.3
2,32,168.4
1,54,169.6
2,18,156.6
2,24,166.3
1,16,172.2
2,36,168.4
1,54,158.2
2,47,157.0
1,61,156.9
1,40,167.9
2,53,147.2
1,34,170.1
2,51,154.6
1,42,167.4
2,70,150.3
1,18,171.1
1,46,156.1
1,43,158.2
2,56,149.3
1,66,170.5
1,33,170.0
2,44,148.3
1,68,169.8
2,50,160.0
2,61,145.0
1,38,172.2
1,43,167.0
2,46,155.9
1,71,158.8
1,39,167.8
2,45,158.0
1,82,160.3
1,56,163.5
2,32,160.0
1,42,166.0
2,59,161.0
2,34,157.0
1,24,167.0
1,17,168.0
2,53,145.0
2,38,155.4
1,36,162.0
2,37,155.0
1,64,161.0
2,49,146.0
2,53,150.2
1,34,175.3
1,20,176.5
1,72,168.7
1,67,151.5
1,22,178.2
1,49,161.1
2,71,151.4
1,50,163.2
2,34,158.9
1,65,168.9
1,43,162.3
2,62,155.1
2,15,163.4
2,33,153.0
1,42,177.0
2,34,166.0
2,36,157.0
1,38,161.5
1,78,150.0
2,19,163.0
2,49,156.5
1,21,172.0
2,53,163.0
2,46,153.0
1,30,175.0
1,67,161.0
2,33,173.0
2,59,160.0
1,35,168.0
1,46,170.8
1,35,168.5
1,39,166.5
1,23,173.0
2,46,145.0
1,46,171.5
1,17,179.0
2,39,156.1
1,73,157.5
1,56,177.1
1,39,168.6
2,60,157.6
2,67,147.0
2,32,156.0
1,59,160.0
2,55,154.0
1,42,165.0
2,52,151.0
2,45,153.5
1,71,157.0
2,56,146.6
1,16,168.0
1,49,177.0
2,24,155.5
2,49,162.5
2,40,162.8
1,66,167.0
2,31,168.0
2,26,156.0
2,59,158.4
1,23,179.5
1,28,161.0
2,49,148.5
1,21,181.7
1,38,174.5
1,38,172.4
1,35,176.5
2,19,167.0
1,35,165.0
1,79,155.0
2,25,155.9
1,35,170.0
2,23,160.0
2,34,154.2
2,18,157.0
1,35,167.0
1,30,168.5
1,45,174.5
1,22,164.0
1,46,170.0
2,80,159.0
2,67,160.0
1,18,175.3
2,33,167.5
1,15,169.0
2,47,156.0
1,50,160.0
1,19,172.6
2,55,145.0
1,63,160.0
2,21,167.0
1,80,159.0
2,30,168.9
1,25,158.0
1,41,165.0
1,43,179.5
2,37,149.0
1,33,174.5
2,73,156.0
2,48,158.7
1,35,177.9
2,44,151.0
1,35,162.0
2,38,162.5
2,44,142.0
2,43,153.0
2,37,159.5
2,23,158.0
1,40,172.4
1,42,157.0
2,17,163.0
2,19,164.5
2,23,152.3
1,68,167.0
2,51,156.4
1,41,171.8
1,16,167.5
1,22,171.5
1,36,163.5
1,35,175.5
1,46,168.0
2,42,161.0
1,22,183.9
2,34,160.5
2,36,152.5
1,18,163.5
1,35,174.0
1,44,164.0
2,31,162.1
2,43,150.0
1,72,165.0
2,33,151.5
1,17,169.8
2,53,148.0
1,53,156.0
2,46,156.0
1,31,178.0
2,29,141.0
2,57,143.2
1,26,174.1
1,78,163.6
1,36,173.3
2,23,157.9
1,22,174.1
1,44,156.3
1,58,162.6
1,76,150.0
2,67,150.7
1,32,169.0
1,63,161.0
2,51,145.5
2,32,157.5
2,72,155.0
1,79,163.6
2,55,158.5
2,18,155.5
2,18,155.0
1,61,160.0
1,76,160.0
1,57,166.0
2,56,160.0
1,38,165.0
1,30,161.0
1,41,166.1
1,67,165.3
2,17,150.1
2,38,155.8
2,51,151.2
1,64,170.0
2,32,160.0
2,63,155.0
1,16,170.0
1,52,180.0
2,62,160.0
2,76,150.4
1,62,169.7
2,31,162.3
2,61,153.5
2,30,165.0
1,51,168.7
1,53,168.5
2,57,158.0
1,30,172.1
2,46,156.1
1,37,172.0
1,55,161.1
2,40,146.1
2,88,151.6
1,77,169.4
1,16,182.2
2,71,154.5
1,50,160.1
2,61,146.5
2,55,152.6
1,21,172.5
2,56,138.7
1,79,159.9
1,25,177.1
1,72,162.8
2,39,157.5
2,32,153.0
1,70,165.0
1,67,162.0
2,21,162.0
2,42,152.0
2,24,156.0
2,54,155.0
1,27,167.6
1,83,159.4
2,30,167.6
2,28,163.5
2,49,151.3
2,29,170.0
2,49,153.3
1,35,160.0
1,21,179.0
1,55,170.4
1,38,174.4
1,40,162.0
2,52,172.0
1,54,172.5
1,36,173.5
1,67,161.5
1,33,169.0
1,31,160.5
1,22,163.0
1,19,171.1
2,22,149.5
2,16,153.1
2,53,154.0
1,36,170.4
2,57,157.3
2,67,148.7
1,44,172.2
1,47,170.9
2,40,163.4
1,55,169.8
1,22,168.1
1,41,164.4
1,61,156.6
1,59,163.0
2,69,155.3
1,46,163.1
1,22,170.7
2,46,154.4
2,75,146.5
2,69,144.4
2,20,162.3
2,19,151.4
2,33,159.9
1,84,164.1
2,34,158.7
1,33,171.8
1,61,156.6
2,47,152.0
1,64,172.2
2,54,147.8
1,55,169.5
2,59,154.0
2,58,142.0
1,33,186.0
2,17,162.0
2,35,163.5
2,23,164.0
2,39,159.0
1,31,168.0
1,44,158.5
1,25,169.7
2,41,162.5
2,32,165.0
1,41,170.0
1,36,165.0
1,28,179.5
2,27,164.5
1,37,178.1
2,48,142.1
2,63,153.6
2,46,148.5
2,54,157.7
1,70,158.0
1,60,159.0
2,30,153.4
2,67,149.1
1,58,154.0
1,38,177.6
2,54,155.0
1,34,168.7
2,27,155.7
2,46,163.0
1,49,163.5
1,26,164.3
1,51,161.5
1,35,174.1
1,39,171.4
2,29,163.1
1,71,165.0
2,54,153.0
2,56,151.5
1,23,179.5
2,49,145.0
2,82,147.5
2,21,154.0
2,20,162.0
2,32,147.1
2,50,161.3
1,23,165.0
1,68,157.2
1,69,161.4
2,55,149.9
2,88,142.2
1,57,166.1
2,65,152.0
1,15,162.0
1,23,179.4
2,34,149.8
2,93,145.6
1,40,159.0
1,28,170.1
2,46,152.2
1,29,172.4
2,50,151.5
2,23,162.5
1,46,167.5
1,40,168.0
2,21,154.0
1,61,169.0
2,38,158.0
1,21,168.0
2,49,154.5
2,29,169.5
1,27,180.2
2,74,147.5
1,31,175.0
1,58,160.4
1,69,159.5
1,27,171.2
2,56,160.4
2,52,155.5
2,18,152.0
2,81,157.2
2,31,157.0
2,18,151.5
2,42,146.5
2,92,149.5
1,58,155.5
2,59,154.5
1,55,158.5
2,24,160.0
2,41,155.5
1,78,157.5
2,54,154.3
1,39,171.4
2,54,144.4
2,50,150.3
1,45,182.2
2,59,156.3
1,56,172.1
2,49,146.3
1,33,166.5
2,28,152.5
1,72,164.5
2,72,142.5
1,33,172.0
2,55,148.0
2,48,151.0
1,54,174.0
2,59,148.4
2,46,155.0
1,40,169.0
1,42,170.0
1,39,176.0
1,38,175.0
1,73,164.0
2,51,155.0
2,26,160.0
1,36,180.0
1,51,175.0
1,58,161.0
2,63,144.0
1,41,172.0
1,50,177.0
1,43,180.0
1,51,164.0
2,28,158.0
1,22,173.0
2,30,171.0
2,85,151.0
2,39,146.0
1,70,174.0
2,21,184.5
1,17,173.0
1,42,164.0
1,29,170.5
2,46,160.0
2,17,162.0
1,55,184.0
1,57,172.0
2,36,170.0
2,33,149.8
2,58,165.0
1,48,163.5
2,42,158.0
2,36,152.0
2,89,158.0
1,40,171.0
2,26,147.5
1,35,182.0
2,45,148.8
1,44,168.5
1,27,178.4
2,44,155.5
2,33,154.8
1,29,171.5
1,74,174.0
1,65,160.0
1,60,169.0
1,49,167.0
1,29,158.3
2,29,152.0
2,22,165.9
2,53,150.2
2,74,150.6
1,28,175.0
2,57,146.9
2,63,147.5
2,55,147.3
2,34,159.0
1,74,171.0
2,40,154.0
2,41,162.0
1,49,164.4
2,52,153.6
2,40,152.0
1,39,164.0
2,78,149.5
2,68,150.0
1,22,188.0
2,64,168.0
2,42,161.0
2,39,151.0
1,23,167.5
2,74,132.0
2,55,151.0
1,44,163.0
1,52,152.0
2,48,156.7
2,41,151.0
2,42,156.0
1,76,165.0
2,22,157.0
2,44,165.0
1,47,180.0
2,22,163.0
2,61,154.0
2,48,158.0
1,50,167.0
1,27,159.0
1,35,153.0
1,92,166.9
2,50,160.4
2,35,163.7
2,47,157.7
2,49,154.5
1,62,169.5
2,42,153.0
2,31,165.7
1,35,166.5
1,82,164.0
2,35,154.0
2,29,158.5
1,45,157.8
1,20,183.1
1,83,160.0
1,46,174.0
2,71,137.3
1,55,152.6
1,34,172.9
2,32,153.5
1,64,170.1
1,30,165.7
2,36,164.5
2,71,153.8
1,85,156.0
1,26,171.5
2,40,155.0
2,31,175.0
1,51,166.8
2,80,143.5
1,86,148.5
1,43,165.0
2,52,153.0
2,56,155.5
1,75,153.0
1,37,170.7
2,50,152.1
1,46,172.4
2,47,166.0
2,43,149.1
2,30,159.5
1,39,170.0
2,58,156.0
1,66,155.8
2,53,139.0
1,80,162.0
2,56,163.0
1,65,170.0
1,63,159.0
1,39,174.5
2,23,146.0
1,79,162.5
1,46,172.5
2,66,155.0
2,38,152.5
2,36,164.8
1,26,161.5
2,39,170.0
2,70,164.0
2,46,167.5
1,42,169.0
1,30,179.0
2,38,162.0
2,70,162.0
2,30,168.0
2,50,144.0
1,41,172.0
2,58,149.6
2,68,154.0
1,19,172.0
1,36,168.5
1,15,155.3
1,50,164.0
1,58,160.0
2,69,155.0
1,61,165.1
2,50,153.0
2,38,156.0
2,15,146.5
1,37,167.0
1,44,178.0
1,79,166.3
1,45,165.0
2,22,166.0
2,61,149.5
1,72,155.6
2,36,160.2
2,64,155.1
2,64,152.1
1,22,173.0
2,17,168.0
2,50,157.0
1,67,171.3
1,33,179.5
1,46,168.7
1,44,159.5
2,39,148.0
2,19,159.0
2,43,156.0
2,68,150.0
1,29,173.0
2,49,153.0
2,59,150.0
2,25,167.0
2,24,156.0
2,44,168.0
2,21,163.0
2,48,164.0
2,48,153.0
1,56,173.0
1,32,178.0
1,34,176.0
1,61,175.0
2,60,151.0
2,17,154.0
2,71,162.0
2,67,149.5
2,42,156.0
2,57,160.0
1,49,176.0
2,51,165.0
1,33,175.0
1,75,163.0
1,31,168.0
1,41,165.0
2,43,158.0
2,25,167.0
1,60,171.0
2,48,153.0
2,49,150.0
2,50,148.0
1,20,178.0
1,34,170.0
1,18,182.0
1,22,170.0
2,33,151.0
2,72,155.0
2,87,150.8
2,73,148.0
2,74,153.0
2,74,137.0
1,25,178.0
1,65,171.0
2,27,151.0
1,22,169.0
2,36,157.0
1,61,169.0
1,62,159.0
2,34,152.0
1,59,163.0
2,51,150.0
2,46,155.0
2,43,146.5
1,58,157.4
2,70,157.4
2,75,153.5
2,88,147.8
2,37,154.0
1,69,166.0
2,54,158.0
2,75,158.0
2,63,161.0
2,75,156.0
1,55,160.0
1,57,167.0
2,64,143.0
1,61,158.5
1,39,168.0
1,49,161.5
1,83,153.0
2,35,157.5
2,30,160.0
2,31,153.0
2,32,166.0
2,67,153.0
2,45,158.0
1,34,181.0
2,42,149.0
1,39,177.5
1,77,162.5
2,53,163.0
1,84,165.0
1,27,165.0
2,73,150.0
1,25,175.5
1,32,171.0
1,30,166.0
2,77,153.0
2,37,158.0
1,29,174.0
1,53,158.9
2,63,151.5
2,65,145.5
2,53,147.3
1,36,163.4
2,80,143.0
2,33,154.0
2,28,148.5
1,43,172.0
1,64,163.5
1,42,175.9
1,46,160.5
1,35,167.8
2,57,166.0
2,39,157.0
2,50,158.0
2,69,162.0
1,18,172.0
1,70,178.0
1,35,171.0
2,56,142.6
1,42,184.0
2,65,155.8
1,59,156.2
1,36,166.5
1,31,164.5
1,30,171.9
2,72,150.0
1,39,171.0
1,37,173.7
1,30,171.5
2,70,155.0
1,32,174.0
1,55,157.0
1,45,160.0
1,59,160.0
2,42,163.5
2,55,157.0
1,51,157.3
1,27,185.0
2,70,148.6
2,32,160.0
1,43,164.1
1,32,172.1
2,39,154.5
1,71,168.3
1,35,176.5
1,66,155.6
2,40,163.3
2,64,149.4
2,65,165.5
2,78,153.7
2,78,152.0
2,64,153.3
1,40,172.0
1,50,166.3
1,62,174.7
2,43,164.4
1,26,172.0
2,77,143.2
1,28,173.7
2,59,159.2
1,46,175.0
2,60,168.5
2,30,158.8
1,27,190.5
1,28,173.0
2,66,152.8
2,66,159.0
1,51,165.6
1,72,174.2
2,54,161.6
1,43,180.0
1,72,176.8
2,62,156.0
2,25,161.5
1,31,169.3
2,58,166.0
2,32,170.5
2,57,158.0
2,22,160.5
2,36,160.0
1,42,175.2
1,52,175.8
1,43,181.0
1,41,171.0
2,35,158.2
1,53,163.9
2,34,161.0
1,51,163.7
1,17,165.0
1,45,177.1
2,42,158.0
1,49,162.5
1,63,160.5
2,23,161.0
2,64,148.0
2,62,156.0
2,23,161.0
1,24,188.5
1,54,171.5
2,55,151.0
2,54,154.0
1,29,180.5
1,60,167.9
1,55,166.3
2,73,147.1
2,39,167.7
2,56,160.2
1,37,162.5
2,36,158.1
1,58,177.5
1,53,170.0
2,71,155.0
2,55,167.0
1,27,167.0
1,43,170.0
2,67,152.6
2,42,161.1
1,50,187.0
1,37,178.0
1,67,170.0
1,25,182.0
1,42,172.0
2,48,159.3
1,60,175.0
1,65,163.2
2,35,155.1
1,32,161.5
1,38,169.0
1,27,168.0
2,85,154.5
2,31,148.5
2,63,152.0
1,42,176.2
2,36,155.7
1,52,161.0
2,80,145.1
1,58,162.9
2,43,157.9
1,36,170.2
2,41,161.0
2,24,155.0
1,35,168.0
2,55,159.0
1,52,160.0
2,82,159.0
2,32,159.0
2,35,162.0
1,61,175.0
1,24,162.0
2,71,152.5
2,52,146.5
1,91,160.5
2,89,145.0
1,42,170.0
2,74,145.5
2,39,163.0
1,36,171.7
1,34,190.1
1,56,168.6
2,30,154.5
2,54,160.5
1,37,169.5
1,38,167.6
2,73,160.7
1,24,182.8
1,22,161.0
1,24,164.0
2,24,155.0
1,33,162.0
1,24,165.0
2,24,162.0
1,30,163.0
2,77,161.0
2,63,152.0
1,27,181.5
1,20,165.0
2,26,171.0
1,62,166.0
2,60,151.0
2,51,153.7
1,54,170.9
1,27,172.5
2,69,156.0
1,72,161.9
2,53,155.3
1,51,185.7
2,40,158.9
1,33,171.7
1,30,172.7
2,70,155.0
1,56,175.1
1,82,169.4
1,37,167.8
1,30,168.8
1,55,172.4
1,71,168.8
2,22,154.0
1,43,165.7
1,81,182.0
2,64,154.0
1,58,170.0
1,42,173.0
1,53,176.0
2,21,161.0
1,72,151.0
1,28,174.5
1,72,163.1
2,26,160.0
1,76,159.7
1,17,172.1
2,49,152.1
1,28,182.0
2,43,162.0
1,70,166.0
2,49,153.0
1,43,175.0
1,22,169.0
1,54,161.0
2,56,144.0
2,62,156.0
1,71,177.5
2,38,170.0
2,65,159.0
2,65,150.0
2,36,153.0
1,37,175.0
1,63,179.0
1,39,179.0
1,15,162.0
2,57,157.0
1,38,171.4
1,37,189.8
2,67,157.5
2,22,161.2
2,20,166.5
1,19,172.0
1,32,168.5
2,77,149.5
1,53,179.5
2,32,157.5
2,29,163.8
2,51,147.7
2,35,158.9
2,58,165.5
2,24,160.0
2,68,145.0
2,24,159.0
2,18,145.0
1,36,170.0
1,52,156.3
2,81,146.0
2,59,160.4
1,33,178.3
2,20,151.4
1,18,164.8
1,23,180.5
1,53,174.0
1,46,165.3
1,37,169.0
1,30,179.0
1,24,170.0
2,20,158.0
2,81,141.5
2,50,141.0
2,47,162.0
1,18,179.0
2,38,151.0
2,27,153.8
1,19,185.0
2,58,145.8
1,36,180.1
2,80,163.9
1,41,171.8
1,37,174.4
2,34,162.5
1,31,179.1
2,33,160.1
2,46,165.0
1,60,162.0
1,32,180.0
1,42,180.1
2,28,144.0
2,25,161.0
2,23,152.5
1,27,179.0
2,74,161.5
2,53,172.1
1,51,160.0
1,79,169.1
1,33,160.1
2,58,153.1
1,25,171.5
2,39,169.0
1,19,170.5
1,46,172.5
2,40,170.0
2,23,157.5
1,74,163.5
2,52,153.5
2,49,157.5
1,63,166.0
2,30,156.1
1,38,162.1
2,48,147.2
1,27,168.1
1,21,167.3
1,66,163.2
2,60,146.3
1,28,166.5
2,55,154.4
2,59,155.5
1,50,164.0
2,21,162.0
1,71,155.0
1,57,167.0
1,32,173.5
2,63,161.0
2,52,164.9
1,27,173.0
1,57,164.0
1,38,171.5
1,73,157.6
2,33,162.1
2,49,154.0
2,68,158.7
2,63,155.0
2,65,151.0
2,43,170.7
2,75,156.0
2,50,163.1
1,22,165.0
2,65,135.0
2,46,156.0
1,52,161.2
2,63,145.3
1,28,172.1
2,46,153.0
1,79,157.4
1,68,172.0
2,63,165.0
2,68,149.0
1,26,181.2
1,73,175.3
1,63,164.4
1,34,181.2
2,43,175.0
2,35,168.3
1,45,173.8
2,56,145.2
1,36,177.0
2,23,147.0
2,26,161.5
2,40,155.0
2,47,160.0
2,70,158.0
2,59,152.8
1,56,177.0
1,64,181.0
1,75,159.0
2,62,161.5
1,38,175.5
2,72,163.0
2,30,165.0
1,59,168.0
2,44,155.0
1,55,165.0
1,37,161.0
2,43,156.0
2,28,165.0
1,58,179.0
2,31,153.5
2,70,155.0
2,46,152.0
2,70,158.0
2,49,161.3
2,67,147.0
1,30,174.5
2,33,152.5
1,36,174.0
2,67,155.4
2,31,160.0
1,44,189.0
1,64,154.0
2,42,146.0
1,58,160.0
1,40,165.0
1,31,172.0
1,54,159.5
2,30,157.9
1,66,166.0
1,85,163.0
2,63,163.5
2,45,156.3
2,24,156.0
1,27,176.5
1,75,179.0
2,38,150.0
2,48,164.0
2,50,150.0
2,51,158.0
1,22,175.0
1,57,172.0
2,27,152.0
1,42,166.0
2,26,165.0
2,31,150.0
2,34,158.0
1,18,180.0
1,63,160.0
1,37,175.0
1,51,156.0
2,34,147.0
2,42,155.0
2,67,152.0
1,64,155.0
1,17,164.0
1,47,164.0
2,67,163.0
1,17,185.0
1,44,173.0
2,65,164.0
1,49,165.0
1,53,162.0
1,21,178.0
2,32,164.3
2,35,164.0
2,69,155.0
1,42,182.0
1,60,182.0
2,30,153.3
1,47,171.5
1,30,179.0
2,26,158.5
2,35,160.0
1,37,181.0
2,57,160.0
1,20,168.0
2,35,164.0
1,69,157.0
1,79,158.0
2,68,154.0
2,40,148.0
2,21,153.5
2,45,154.9
2,23,160.0
1,64,158.4
1,54,171.5
1,60,150.0
2,39,165.0
2,54,170.0
2,35,155.0
2,82,145.0
2,38,166.0
2,41,156.0
2,53,163.0
2,76,149.0
2,37,169.0
1,49,156.3
2,51,161.2
2,47,152.1
2,50,168.0
1,33,162.0
2,70,158.0
2,65,155.0
2,37,170.0
1,70,166.5
1,25,175.0
2,24,148.0
2,71,148.0
2,69,167.0
2,28,150.5
2,48,162.5
2,31,160.0
2,19,165.0
2,36,163.0
2,62,152.0
1,44,166.0
2,33,152.5
2,83,145.0
1,49,163.0
2,43,154.5
1,23,170.0
2,66,148.0
2,57,155.0
1,30,179.0
2,75,147.0
2,42,151.0
1,83,178.0
2,74,145.0
2,29,165.5
2,103,152.0
2,69,152.4
1,41,164.0
1,30,178.0
2,49,161.0
1,45,176.5
1,47,190.0
2,31,161.0
2,47,171.0
1,36,176.0
1,33,173.0
1,44,168.0
1,18,174.0
1,46,184.0
1,42,166.0
2,40,151.0
2,61,153.0
2,55,156.0
2,45,158.0
2,32,164.0
1,57,158.1
1,48,188.0
2,17,158.2
2,32,155.0
1,40,172.9
2,22,158.9
1,34,168.1
1,42,179.6
2,39,154.1
1,43,164.0
1,44,178.0
1,16,178.0
2,15,157.8
2,25,166.0
2,26,180.0
1,31,187.0
1,20,179.5
2,72,137.8
2,40,161.0
1,39,168.3
2,17,162.6
1,26,166.2
2,36,160.0
2,37,160.0
1,28,171.0
1,37,172.1
1,33,155.0
1,59,175.6
2,47,147.0
2,53,170.0
1,38,173.0
1,40,182.0
2,33,160.0
1,32,174.0
1,27,167.0
1,36,166.0
2,34,159.0
1,78,173.6
1,46,163.2
1,75,168.0
2,21,160.0
1,40,166.0
1,43,179.5
1,20,178.5
1,97,157.2
1,15,160.4
1,59,159.9
2,61,149.7
2,42,155.4
2,57,149.0
2,68,155.0
1,65,163.7
1,37,184.5
2,79,146.6
2,51,154.1
2,37,151.2
2,40,146.5
2,63,150.7
1,61,172.2
2,71,154.7
2,41,154.9
2,57,156.3
1,73,152.2
2,39,161.4
1,64,172.9
2,48,145.0
2,27,163.1
2,29,165.1
1,20,176.3
2,50,149.1
2,28,156.7
2,79,153.0
1,95,160.0
1,71,160.3
2,42,139.3
2,43,170.0
2,70,147.0
2,54,158.0
1,51,151.0
1,35,172.0
2,27,157.0
2,34,152.0
2,25,148.0
2,71,156.0
2,50,147.0
1,39,177.0
1,16,174.5
2,76,163.2
2,58,147.0
2,52,165.2
1,62,165.5
1,32,172.0
1,61,156.0
2,58,149.0
1,45,173.0
2,43,160.0
2,33,160.0
2,57,146.0
1,51,160.0
2,53,145.0
2,42,170.0
1,48,170.0
1,38,166.0
2,52,163.0
2,65,157.7
2,46,156.0
2,82,152.5
2,56,155.9
2,63,162.4
2,95,163.5
1,25,170.2
1,54,168.0
1,66,167.0
2,31,171.0
2,50,163.0
2,56,150.0
2,61,150.0
1,25,180.2
1,50,175.5
2,57,155.0
1,56,173.6
2,50,159.9
2,73,149.6
2,39,155.5
1,55,179.3
1,44,177.6
1,79,169.5
2,42,164.0
2,72,167.2
1,51,178.4
2,72,162.7
1,35,175.8
1,48,183.5
1,38,180.3
2,27,160.9
2,65,153.5
2,33,156.8
2,40,153.7
2,56,153.0
1,64,157.2
2,60,153.0
1,69,165.0
2,45,160.0
2,55,154.5
2,65,162.5
1,66,172.0
2,52,157.0
2,36,176.6
1,29,185.6
1,45,166.0
2,49,163.9
2,41,150.7
2,35,176.0
1,50,170.0
2,56,151.0
2,40,162.0
1,41,184.0
1,35,171.0
2,49,167.0
1,90,160.0
2,38,172.2
2,57,163.8
2,65,159.9
2,60,156.1
2,67,155.0
2,89,153.9
2,26,162.0
2,39,154.0
2,64,154.0
1,37,173.1
1,27,176.1
2,51,165.0
2,44,160.0
1,77,158.5
1,49,170.0
2,68,158.0
1,22,185.9
2,42,156.3
2,53,157.0
2,54,165.1
1,62,172.0
1,47,175.5
1,34,169.7
2,61,141.4
2,38,165.0
2,30,160.4
1,54,160.0
1,48,180.0
1,36,183.0
1,33,179.0
1,57,180.0
1,71,160.6
2,50,152.5
2,39,154.6
2,20,157.1
1,49,169.1
2,21,162.8
2,62,159.8
1,71,183.6
1,39,185.3
1,85,157.9
2,84,152.0
1,49,178.5
1,41,189.4
2,48,152.0
1,77,168.4
2,35,154.3
2,39,155.6
2,57,153.4
1,36,167.4
2,56,165.1
2,53,157.2
1,15,174.5
2,52,158.0
1,29,179.7
1,39,177.5
2,70,161.5
2,75,154.1
2,36,165.0
1,55,175.7
1,46,174.6
2,50,141.5
1,60,168.4
1,37,170.6
2,57,165.0
1,16,174.8
2,79,158.5
1,31,173.9
1,45,181.3
2,56,172.0
1,37,173.8
2,38,156.9
1,47,171.6
1,35,190.6
2,31,159.6
1,34,166.6
1,18,170.8
2,31,170.4
1,21,172.4
1,60,180.9
2,23,171.5
1,51,167.4
1,63,158.6
1,15,172.4
2,16,156.5
2,18,160.6
2,21,157.1
1,16,176.9
2,49,157.4
2,83,152.1
2,64,156.0
2,45,155.0
2,35,153.1
1,21,176.9
2,45,159.0
1,20,165.3
1,32,166.4
2,40,145.0
2,76,148.3
2,50,152.8
1,19,167.0
2,16,152.7
2,59,142.8
1,21,171.2
1,28,167.1
1,47,168.0
1,46,153.5
1,16,170.2
1,57,163.2
1,41,173.0
1,68,168.1
2,27,151.0
2,24,157.0
1,61,160.0
2,25,155.2
2,30,155.3
1,59,169.5
2,70,151.0
2,37,169.9
2,49,167.8
1,64,177.0
1,64,168.6
2,40,161.5
1,96,155.6
1,24,173.7
1,23,180.5
1,53,154.8
1,56,164.5
1,44,168.0
2,36,167.3
1,62,163.5
2,42,170.1
1,46,170.0
2,42,171.3
2,63,152.2
1,39,184.5
1,34,172.1
1,42,177.7
2,59,162.7
1,36,166.2
2,57,151.4
1,42,168.2
2,71,157.0
2,51,169.4
2,49,153.0
2,81,161.5
1,39,167.5
2,52,158.5
2,31,163.5
2,16,158.9
1,66,159.7
1,55,180.6
1,79,154.4
2,29,162.8
1,44,162.4
1,32,179.0
1,55,167.6
2,67,151.0
1,29,170.2
1,52,165.5
2,32,159.8
2,33,151.5
2,51,166.0
2,36,166.5
1,18,164.9
2,16,160.7
1,27,171.3
2,34,150.5
2,23,163.4
2,37,161.1
2,25,153.3
2,75,151.2
1,34,172.5
1,44,172.5
1,40,179.4
2,40,157.7
2,48,163.4
2,54,147.2
1,30,167.5
2,58,162.3
2,68,146.9
2,52,161.8
2,34,160.2
2,39,150.2
2,41,163.6
1,54,178.0
2,81,146.5
1,59,162.0
1,32,171.0
1,35,170.8
1,25,172.0
1,91,173.2
1,58,170.0
1,42,160.0
1,20,167.0
1,76,168.0
2,68,143.0
2,30,163.0
2,34,152.0
1,72,171.8
2,72,162.0
2,31,178.0
1,47,151.0
1,36,177.9
1,58,153.4
2,34,164.2
2,48,154.0
2,57,145.6
1,28,182.9
1,50,173.0
1,67,172.1
1,42,175.7
2,57,163.0
1,32,173.0
2,42,151.0
1,20,165.0
2,61,156.0
1,31,184.0
2,33,164.0
2,57,161.6
1,70,176.0
2,57,156.6
1,58,168.1
1,66,169.1
2,46,148.4
2,34,163.5
1,41,166.8
2,66,162.7
2,50,148.7
2,33,157.6
2,63,157.0
2,23,154.0
2,61,153.0
2,68,156.0
2,31,166.0
2,61,147.0
1,54,161.6
1,86,165.2
1,67,168.9
2,45,159.0
2,24,169.5
1,34,174.7
2,33,167.0
2,59,167.2
2,38,157.1
2,38,161.2
2,54,173.0
2,33,152.3
1,47,170.0
2,50,151.0
2,30,173.0
2,44,155.0
1,25,160.1
2,33,155.0
2,23,163.9
2,78,146.1
2,63,161.1
1,52,171.0
1,22,167.7
2,25,167.2
1,54,173.3
2,35,161.0
1,25,172.5
2,21,161.5
2,45,150.8
2,56,156.0
2,37,162.3
2,15,165.3
1,62,162.0
1,64,165.3
2,47,160.5
2,63,156.5
1,60,165.3
1,47,170.0
1,57,171.0
1,44,164.0
1,74,172.0
2,33,168.5
1,34,179.0
1,33,179.0
1,52,156.7
1,36,158.0
1,55,155.2
2,46,152.9
2,24,166.6
1,26,175.8
2,78,143.9
2,82,154.1
2,67,153.3
1,26,173.5
1,61,160.7
2,86,143.4
2,30,152.4
1,74,159.2
1,84,161.8
1,47,169.6
1,74,170.9
2,49,153.0
2,47,159.2
2,45,154.2
2,44,158.2
1,32,187.0
2,52,164.2
1,47,172.0
2,74,156.5
2,35,157.0
2,81,149.0
1,57,169.3
2,49,158.0
2,28,167.0
1,36,170.0
2,60,157.5
2,72,142.4
2,57,149.0
2,30,153.0
2,44,169.0
1,51,172.2
2,25,162.0
2,50,174.0
1,35,173.0
2,45,159.0
1,61,159.0
1,51,171.0
2,54,158.0
2,66,158.0
1,40,173.0
2,28,159.3
2,65,156.0
2,30,169.1
2,50,156.0
2,39,156.0
1,42,176.0
2,55,159.0
2,26,155.0
1,43,172.5
2,44,156.2
2,30,162.3
1,21,170.5
1,54,169.9
1,76,158.5
1,49,171.6
1,39,170.5
1,31,173.0
2,44,156.0
1,46,170.0
1,31,173.0
1,42,164.0
1,51,155.0
1,37,173.0
2,87,163.1
1,65,148.0
2,16,153.0
2,64,152.7
1,73,176.4
1,78,167.3
2,51,151.4
1,51,168.0
2,53,160.8
1,48,169.2
1,55,158.6
1,56,163.5
1,52,178.0
1,58,169.0
1,45,168.0
2,54,159.0
2,50,163.0
1,17,167.0
1,71,159.0
1,89,156.0
2,36,156.0
1,40,174.0
1,65,170.0
2,82,154.0
1,75,173.0
1,35,167.4
1,68,170.8
2,78,156.6
1,65,186.0
1,32,185.2
1,59,164.3
1,59,175.0
1,58,172.0
1,38,175.9
1,22,180.7
2,39,156.0
1,73,174.0
1,36,180.0
2,21,161.9
2,25,164.5
2,70,152.6
2,63,147.6
1,21,164.6
2,46,156.3
2,38,167.7
1,37,173.4
2,55,137.5
1,32,173.1
2,48,155.6
1,31,166.0
1,39,173.0
1,51,172.0
1,33,162.0
2,50,161.2
2,66,157.0
1,39,161.7
2,75,160.0
1,46,175.1
1,68,158.0
2,58,152.2
2,33,163.6
2,49,149.7
2,69,145.5
2,44,155.0
1,73,163.5
1,39,184.0
1,23,166.0
1,40,165.0
1,22,175.0
1,55,170.0
2,49,150.7
2,59,157.5
2,74,157.4
2,61,152.5
2,21,159.6
2,37,148.0
1,62,166.6
2,65,154.1
1,39,177.9
2,40,157.2
2,19,163.4
1,44,170.5
1,39,173.4
2,23,157.6
2,47,156.0
1,63,168.0
1,54,160.0
2,47,154.0
1,39,170.0
2,32,161.0
1,31,169.9
1,68,162.1
1,80,161.1
2,88,145.1
1,54,170.1
2,37,162.7
1,55,161.9
2,63,150.0
1,20,169.1
2,88,155.4
1,42,169.5
2,57,157.5
1,51,172.5
2,37,172.0
2,31,166.0
1,49,184.0
2,45,155.0
2,63,145.5
1,30,165.0
2,53,163.0
2,67,173.0
1,71,169.0
1,58,174.0
2,25,166.0
2,57,160.0
2,70,158.0
2,60,160.0
2,70,170.0
2,59,165.0
2,46,162.5
1,43,172.2
2,47,151.0
2,53,166.0
1,39,176.5
1,35,177.5
1,41,186.0
2,30,155.0
1,42,182.0
2,40,154.2
2,59,157.5
2,56,154.5
2,56,150.1
2,75,145.8
1,50,177.7
1,58,162.9
2,15,162.0
2,36,167.0
1,20,177.0
2,35,161.0
2,18,152.0
2,23,154.0
1,61,173.0
1,30,173.0
2,22,152.1
2,42,161.5
2,34,159.0
1,32,180.3
2,40,159.0
2,43,165.0
1,45,170.1
2,62,151.0
1,23,176.5
2,50,151.0
1,52,173.2
1,42,165.5
2,40,161.0
2,33,163.0
1,47,172.6
1,42,179.0
2,16,166.5
2,58,165.5
2,58,169.5
2,39,158.5
2,31,171.0
1,25,174.5
1,38,175.4
1,38,171.0
1,56,170.4
1,18,177.0
2,89,147.0
2,37,155.0
1,69,164.3
2,30,166.0
1,36,175.2
1,46,174.0
1,39,173.0
1,59,147.8
2,82,155.6
2,52,152.6
2,36,159.5
1,18,183.0
2,35,154.3
2,60,151.0
2,31,157.5
2,25,157.8
1,41,167.3
1,20,175.3
1,22,169.4
2,47,157.3
2,52,163.9
1,36,179.0
1,43,169.0
2,68,151.0
1,53,173.0
1,19,176.5
2,65,162.5
1,66,184.5
2,36,162.0
2,52,174.5
1,43,162.0
2,33,162.5
1,80,173.0
2,80,154.0
1,37,179.0
2,45,153.0
2,31,153.0
1,34,172.0
1,20,175.5
1,54,168.1
2,18,163.0
1,22,190.0
1,29,184.0
2,35,155.0
2,61,168.3
2,66,163.3
2,68,159.5
2,40,164.3
1,91,154.6
1,73,160.5
2,39,167.0
1,73,167.5
2,42,157.5
1,56,173.7
2,31,146.9
2,49,161.9
2,29,157.1
1,69,171.2
2,29,169.2
1,60,171.0
1,36,165.9
2,25,173.8
1,46,181.6
2,61,160.3
2,72,163.1
1,64,176.3
1,62,178.8
2,65,150.1
2,56,166.5
2,26,159.5
2,64,154.5
2,35,160.2
1,73,165.9
2,42,171.7
1,52,175.3
2,32,169.1
2,65,165.3
1,65,177.5
1,76,167.2
1,24,182.1
1,18,175.7
2,64,164.5
1,41,164.5
2,43,155.4
2,41,167.0
2,56,165.1
1,33,162.1
2,61,152.8
2,27,156.4
2,29,167.3
2,56,157.6
2,22,172.4
1,45,171.6
2,54,156.7
1,71,154.7
2,80,155.3
2,48,154.0
1,77,172.0
2,36,157.0
2,49,151.0
1,64,155.0
1,62,169.0
2,23,159.4
1,42,189.2
1,71,173.8
1,24,172.6
2,87,148.6
1,51,171.4
1,38,175.3
1,71,169.3
1,39,175.2
1,38,174.1
1,64,173.4
1,57,162.2
1,64,174.0
2,57,154.0
1,40,177.0
1,63,176.0
1,43,163.5
1,33,180.0
2,53,164.0
1,56,187.0
2,67,163.0
2,63,162.5
2,51,162.0
1,66,166.5
2,49,155.5
1,40,169.0
1,34,176.0
1,32,180.5
2,29,168.0
2,37,154.0
1,75,165.4
2,71,154.7
1,34,169.8
2,36,163.1
1,43,167.4
2,73,157.5
1,35,176.3
2,22,167.5
1,69,167.3
1,29,178.5
1,36,178.0
2,79,163.0
1,42,172.0
2,86,158.0
1,57,170.0
1,60,168.0
1,66,167.0
2,53,158.5
1,80,164.0
1,42,175.0
1,57,166.5
1,37,171.0
2,26,156.0
1,60,167.0
2,59,163.0
1,55,170.0
1,46,168.0
1,53,165.0
2,42,157.0
1,80,163.0
1,43,169.8
1,71,170.8
1,65,169.1
1,39,157.5
2,22,157.4
1,53,153.4
2,55,151.5
1,78,161.5
2,38,160.8
1,37,181.9
2,62,155.5
1,54,167.3
2,71,150.8
2,46,162.4
2,40,159.8
2,31,172.4
1,39,173.1
1,77,157.1
1,41,168.2
1,34,168.0
2,62,157.2
2,56,164.0
1,37,170.2
2,40,160.4
1,32,180.5
1,35,174.6
2,38,173.5
2,47,160.0
2,56,153.1
2,62,149.5
2,78,149.0
1,46,169.0
2,61,164.0
2,44,159.2
2,60,169.7
1,53,165.6
1,29,163.6
1,18,178.0
2,73,160.5
1,66,163.0
2,41,168.5
1,65,175.0
1,68,161.5
2,68,156.7
1,40,190.0
1,42,175.5
1,89,156.3
1,75,170.5
1,53,172.9
1,40,171.7
1,60,163.1
1,50,167.3
1,87,162.2
1,51,183.0
1,59,161.9
1,46,174.0
1,33,183.3
1,47,159.3
2,48,163.4
1,72,173.5
2,55,167.5
1,46,178.0
2,78,151.8
1,51,176.5
1,63,172.1
1,48,174.6
1,29,180.1
1,42,165.2
1,49,182.3
1,21,176.3
1,28,177.4
2,43,149.5
1,60,172.9
2,60,161.2
2,46,156.3
2,67,173.0
1,49,177.5
1,50,176.5
2,25,161.3
2,54,164.2
2,77,143.3
1,73,178.4
1,60,172.3
1,82,157.5
1,74,167.8
1,56,165.9
1,56,160.8
1,35,181.0
1,65,160.0
1,43,159.0
2,31,161.6
1,43,161.7
2,48,154.5
2,45,162.8
2,29,161.2
1,34,179.2
1,29,181.1
2,50,156.0
2,61,161.0
1,27,173.0
1,53,173.0
2,53,160.0
2,54,165.0
1,53,176.0
1,58,172.2
2,76,142.0
2,55,139.2
1,38,164.2
1,90,166.2
1,55,165.9
1,69,164.1
1,35,170.8
2,54,152.1
2,65,154.9
2,21,170.0
1,43,166.2
1,68,173.5
1,63,164.1
2,16,165.1
2,45,155.1
2,41,163.5
1,20,170.9
1,24,163.9
1,49,181.2
2,62,161.3
1,30,182.6
2,47,149.0
1,72,164.9
2,75,146.9
1,68,171.5
1,50,173.6
1,31,169.1
1,60,161.8
1,23,175.2
2,58,141.0
1,64,171.0
1,57,169.0
1,56,178.0
1,47,183.0
2,28,159.1
1,64,165.0
1,52,184.5
1,60,159.4
1,58,172.1
1,48,172.8
1,56,166.4
2,60,154.1
1,31,158.8
2,48,149.0
2,27,166.0
2,54,162.3
1,60,171.5
1,82,162.0
1,66,164.0
1,27,163.0
2,50,156.0
1,22,177.5
2,42,162.0
2,51,158.0
1,37,174.0
1,45,173.0
1,30,165.0
2,70,151.0
1,31,194.8
2,63,153.0
1,30,195.1
1,83,162.2
2,63,158.5
2,54,171.1
2,24,156.5
2,65,156.7
1,62,170.0
2,57,160.3
2,41,156.9
1,58,176.3
2,81,159.7
2,48,155.5
2,19,161.0
2,60,154.2
1,61,172.0
1,62,173.5
1,29,176.5
2,45,160.1
1,43,164.9
1,37,173.1
1,50,167.7
1,30,168.6
1,32,184.5
2,62,141.5
1,71,158.0
1,41,176.0
1,49,164.0
1,47,173.0
1,73,159.5
2,35,157.5
1,61,171.5
2,82,155.0
1,40,173.9
2,75,159.0
1,23,175.0
1,31,167.0
1,40,168.4
1,46,168.2
2,29,154.8
2,35,153.5
2,43,157.5
1,76,157.5
2,51,157.7
1,35,156.9
2,67,153.5
1,66,167.2
2,51,160.1
1,50,176.5
1,70,169.0
2,27,164.3
2,35,155.1
1,81,160.4
1,54,164.6
1,50,167.0
1,77,152.8
2,66,155.0
2,62,151.0
2,37,155.0
1,16,166.0
1,49,175.0
2,76,157.1
1,51,170.0
2,75,159.0
2,68,155.0
2,47,155.0
1,32,169.0
1,58,149.0
2,59,154.3
1,30,170.0
1,49,165.4
2,59,146.9
1,37,167.3
1,67,169.8
1,38,169.7
1,69,167.0
2,78,149.1
2,85,147.6
2,73,143.2
1,68,167.0
2,35,149.2
2,19,163.5
1,39,183.6
1,75,158.5
1,42,167.8
2,38,172.5
1,52,164.8
2,42,143.3
2,55,153.8
1,28,161.8
1,79,167.5
2,68,146.6
2,70,146.0
1,57,169.3
2,32,164.3
1,47,179.0
1,71,163.4
2,19,164.6
2,45,165.0
1,48,165.0
1,44,170.0
1,38,176.0
1,65,152.0
1,45,169.0
2,59,145.0
2,87,144.5
2,81,144.0
1,53,157.0
2,52,152.0
1,47,160.0
1,55,162.1
2,40,161.0
2,30,163.0
1,51,160.0
1,61,165.0
1,60,165.0
2,58,145.0
1,36,167.5
2,37,166.0
1,29,165.3
2,53,160.2
1,38,179.4
1,46,171.2
2,46,150.2
1,46,173.4
1,15,178.4
2,65,155.5
1,43,164.2
2,39,156.2
1,39,187.2
1,75,154.6
2,38,163.0
1,46,175.0
1,56,180.6
1,47,184.0
1,57,178.2
2,53,167.5
2,39,172.0
1,53,184.5
1,39,182.7
2,45,156.3
2,44,160.5
2,58,165.1
1,30,176.5
1,91,171.9
2,48,164.0
2,62,165.3
1,47,174.8
1,57,165.6
2,35,167.2
1,55,172.8
1,36,176.4
1,33,176.6
2,90,158.8
1,27,176.8
1,79,171.3
2,51,153.7
1,46,169.5
2,80,165.7
2,19,170.5
1,28,179.6
2,31,164.9
2,82,147.0
2,46,155.3
2,45,161.1
2,28,160.6
2,35,169.5
2,60,152.7
2,25,156.7
2,61,158.0
2,79,154.2
2,28,155.2
1,26,169.2
1,48,180.0
1,60,180.5
1,44,173.4
1,46,165.0
1,35,171.7
1,34,188.4
2,88,157.3
1,29,177.4
2,68,163.2
1,32,181.1
1,53,155.8
1,50,174.3
1,53,170.7
1,50,169.5
1,65,162.5
1,59,166.7
1,67,171.6
1,44,177.1
1,38,173.0
1,31,155.0
2,87,145.0
1,36,171.0
2,55,146.5
1,44,173.7
2,56,157.0
1,22,189.0
2,80,152.0
1,60,167.0
2,51,159.0
2,75,147.1
2,52,169.0
1,81,152.0
2,91,148.0
1,34,175.0
2,24,170.0
2,63,156.0
2,56,164.0
2,54,154.0
2,33,159.1
1,58,169.9
1,48,183.5
1,26,176.3
2,29,174.0
1,39,174.8
1,34,178.5
1,42,176.0
2,35,163.0
2,43,161.0
2,33,177.0
1,63,181.0
2,47,172.0
1,32,176.7
2,53,150.0
2,24,165.1
1,37,170.2
1,34,181.5
2,31,167.9
1,38,182.0
1,61,169.0
1,41,176.0
1,69,174.0
2,61,153.5
2,68,161.5
1,25,161.0
2,59,150.5
2,43,170.2
2,44,156.1
2,45,162.0
1,47,162.0
2,25,148.9
2,39,150.2
1,24,162.1
1,52,157.5
2,41,155.4
2,37,168.3
1,21,178.8
2,57,147.0
2,63,159.9
2,92,159.6
1,60,175.8
1,42,174.8
1,37,188.8
2,53,160.0
2,18,158.0
1,51,156.0
1,50,171.5
1,88,156.8
2,53,161.0
1,45,170.5
2,61,157.5
1,70,164.5
1,59,171.5
1,83,171.5
1,70,169.0
1,20,169.1
1,37,173.1
1,62,169.5
2,77,155.2
2,66,147.1
2,37,167.9
2,34,156.2
2,77,149.5
1,58,162.6
2,59,159.0
2,21,163.8
2,42,149.9
1,45,166.1
1,27,173.0
1,16,176.0
2,27,171.3
2,40,156.3
2,64,157.0
1,62,176.0
2,70,157.8
2,57,166.5
2,72,158.0
2,30,167.5
2,35,161.0
1,77,172.8
1,50,178.0
1,63,172.4
2,43,156.4
1,15,190.2
1,84,169.0
2,28,174.0
2,28,153.0
1,51,165.0
1,24,165.0
1,55,164.5
1,53,160.0
2,42,157.0
1,27,169.0
1,63,173.1
2,17,156.5
1,72,176.0
1,45,173.2
1,36,178.6
2,23,158.0
2,54,174.0
2,59,139.1
2,69,150.5
1,40,172.2
2,31,163.4
1,50,168.8
2,28,157.0
1,58,163.1
2,24,164.0
1,64,164.3
2,28,155.0
1,44,166.4
1,22,174.0
1,25,178.3
2,67,161.4
2,83,149.6
1,41,169.1
1,16,191.6
2,81,156.9
1,62,168.5
2,63,151.0
2,34,157.0
1,26,186.0
2,54,158.5
1,61,170.4
1,57,173.4
2,58,163.1
2,63,164.0
2,22,179.5
1,60,171.1
2,16,158.2
1,45,168.5
1,22,175.0
2,47,166.0
1,28,166.8
1,49,165.0
1,20,181.0
2,29,153.0
1,71,160.5
2,23,161.4
2,66,146.0
1,47,175.0
1,54,166.0
1,53,164.0
2,64,163.5
2,48,166.0
2,60,155.5
1,71,165.5
1,38,177.0
1,77,173.8
2,27,165.0
1,68,155.5
2,35,163.1
1,29,184.6
1,81,157.6
1,42,177.0
1,34,176.0
2,48,151.0
1,70,170.5
2,83,154.9
2,36,178.1
1,49,180.5
2,21,157.5
2,25,171.5
2,64,146.2
2,21,152.0
2,49,161.4
2,43,151.7
1,35,143.5
1,74,171.6
1,52,168.5
2,95,146.2
2,52,158.9
2,60,166.5
1,70,164.7
2,62,159.0
2,67,159.0
2,43,172.0
2,63,153.0
1,44,179.0
1,61,183.5
2,27,168.0
2,53,171.9
2,18,153.0
2,39,161.0
1,45,178.0
2,78,160.0
2,53,156.0
1,29,165.0
1,59,170.0
2,43,150.9
2,60,149.0
2,71,151.0
1,29,165.5
1,27,171.1
1,59,155.2
1,44,169.9
1,57,173.0
2,63,154.5
1,56,169.0
1,42,177.0
1,80,168.0
1,15,170.0
2,15,162.0
2,57,157.0
1,60,168.0
2,48,151.2
2,29,169.3
2,59,158.0
2,20,164.0
2,63,155.0
2,45,160.2
1,43,183.5
2,63,167.0
2,34,155.0
1,22,182.0
1,15,170.0
2,22,164.0
2,29,161.8
2,16,161.0
2,67,150.5
1,39,174.5
2,77,149.5
2,29,160.0
1,42,178.6
1,17,180.0
1,50,172.9
2,72,156.0
2,72,164.0
1,41,169.0
2,34,159.0
1,58,187.0
2,46,169.0
1,80,177.0
1,26,165.0
2,36,163.5
2,50,163.0
1,35,183.0
1,30,185.3
1,30,179.0
2,69,157.0
1,88,165.0
2,56,147.9
1,70,171.0
2,68,167.0
1,23,181.0
1,66,162.0
1,38,176.5
2,66,154.2
2,63,165.0
1,56,155.5
2,56,142.2
1,52,170.0
2,74,160.0
1,21,175.0
1,24,189.0
2,57,160.0
1,31,179.3
1,49,172.0
1,28,172.1
2,75,145.0
2,45,171.2
1,42,165.5
1,15,178.0
2,48,152.5
1,79,167.0
1,56,176.0
2,57,158.0
1,60,171.0
2,28,159.0
2,47,169.3
2,64,152.0
2,62,156.0
2,89,158.0
2,32,173.0
2,55,155.0
2,74,159.0
2,28,155.0
2,28,162.0
1,36,185.0
2,46,170.5
2,24,165.0
1,42,175.0
2,61,148.0
2,48,171.0
1,69,169.0
1,67,164.0
1,28,168.5
2,71,165.5
1,30,186.0
2,28,165.0
1,29,173.0
2,31,155.0
2,68,153.0
1,40,172.0
1,74,170.0
2,54,147.0
1,53,167.0
2,38,167.1
2,46,165.0
2,30,170.0
2,66,154.0
1,45,178.0
1,24,186.0
2,50,155.0
1,71,160.0
2,38,161.0
1,49,170.5
2,39,166.0
2,71,155.3
1,32,172.0
2,52,156.8
1,70,168.3
1,67,174.5
2,49,162.4
2,54,152.0
2,70,154.0
1,68,172.0
2,30,165.0
2,64,150.0
2,62,162.0
2,73,160.0
1,42,178.0
1,52,168.0
2,82,160.0
1,66,162.2
2,32,157.0
2,75,162.5
1,86,176.0
2,66,163.3
2,79,159.0
1,39,176.0
1,74,171.0
2,37,169.8
2,48,154.0
2,43,155.0
2,39,150.0
2,21,158.0
1,59,184.0
2,64,148.3
2,56,162.0
1,30,178.0
1,22,166.0
1,83,160.5
1,30,175.8
1,71,180.1
2,29,157.1
2,40,166.4
2,37,158.1
1,63,177.6
2,45,159.0
1,82,170.1
1,48,180.0
1,45,170.0
1,64,164.3
2,70,151.1
1,71,170.7
2,54,157.5
1,62,169.0
1,88,161.7
2,22,169.0
1,35,180.3
2,40,168.9
1,51,189.8
1,25,182.9
1,43,187.0
2,37,165.1
2,54,151.3
2,36,167.5
2,71,155.0
2,72,150.0
2,37,156.0
2,68,167.0
1,82,163.2
1,58,180.0
2,47,161.3
1,75,174.5
1,58,176.0
2,22,160.2
2,58,150.5
2,42,155.2
1,57,180.5
1,60,174.0
2,59,152.6
2,59,169.0
1,40,180.0
2,69,174.2
2,37,176.6
1,73,172.6
2,84,144.2
1,20,179.0
2,18,158.2
2,87,158.6
1,20,193.0
1,69,168.7
1,32,178.3
1,20,156.6
2,62,148.1
2,30,173.5
2,55,139.3
2,38,150.0
1,47,161.0
1,55,167.0
1,57,172.0
2,71,155.0
2,76,146.0
2,48,161.0
2,67,156.0
2,44,159.0
2,63,145.0
2,15,167.0
1,58,164.0
1,24,171.0
1,69,166.0
1,48,174.0
2,65,162.0
2,32,163.0
2,49,156.0
2,56,165.0
1,72,156.0
1,61,176.0
1,47,175.0
2,62,153.5
2,59,163.5
1,69,170.5
1,30,175.0
2,30,171.0
1,87,163.3
2,56,159.0
1,43,170.0
1,93,164.0
2,70,148.0
1,61,174.0
2,37,160.5
1,42,179.0
2,66,154.0
1,53,177.0
1,40,173.0
2,51,153.0
2,34,163.0
1,35,171.0
1,43,170.0
2,24,152.0
2,36,165.0
2,59,165.0
2,59,159.0
1,72,144.7
1,60,155.0
1,62,157.4
2,27,160.0
1,57,171.6
2,51,155.1
2,62,161.5
2,67,156.3
2,36,178.5
1,84,160.5
1,68,176.2
2,51,167.3
2,38,152.6
2,62,155.0
1,81,168.8
1,83,169.1
1,55,169.2
2,73,149.7
2,68,149.9
1,45,187.5
2,21,168.2
2,44,157.0
1,65,185.0
1,58,170.5
1,61,174.3
1,71,176.3
1,22,170.0
1,39,166.2
1,45,171.2
1,68,167.5
2,22,158.0
2,43,165.0
1,50,183.0
2,59,161.0
1,73,184.0
1,50,173.5
2,30,165.0
2,67,165.1
2,35,164.2
2,74,152.7
1,64,172.8
2,69,152.5
1,75,161.5
2,27,168.6
1,45,177.7
1,20,170.5
2,63,144.8
1,18,179.1
2,30,170.8
1,20,171.3
1,28,181.8
1,77,163.1
2,20,158.5
1,60,190.2
2,67,150.0
1,27,165.0
2,64,155.9
2,43,156.8
1,60,180.0
2,69,161.5
2,53,158.0
2,66,159.5
1,58,166.9
2,26,165.3
2,42,148.6
1,51,174.5
2,56,156.5
2,73,157.5
1,72,176.3
1,48,173.0
2,30,148.5
1,56,175.0
2,52,160.0
1,44,175.0
1,36,179.0
1,34,177.0
1,38,164.5
1,40,180.0
1,41,176.0
2,19,165.0
1,47,171.0
1,30,178.5
2,40,162.5
1,59,175.5
2,54,155.0
2,37,159.6
1,62,163.5
1,59,155.0
2,73,148.7
1,59,167.0
1,60,176.5
2,23,166.0
2,24,151.8
1,92,149.0
1,65,168.0
2,61,154.0
2,43,165.5
1,27,174.5
1,27,174.5
2,48,140.3
1,64,156.0
1,83,164.0
1,30,164.6
1,24,170.0
1,59,170.0
2,46,149.0
1,35,174.7
2,68,153.4
1,46,168.3
2,45,155.2
2,63,156.8
1,71,173.1
2,57,152.0
2,41,165.0
2,30,150.0
2,52,156.0
1,34,173.0
2,72,143.0
2,47,163.0
2,59,159.0
1,58,170.0
1,33,179.0
1,67,175.0
1,20,186.0
2,31,169.4
2,59,163.1
1,17,171.0
1,37,170.4
1,30,174.0
1,26,176.0
2,52,154.0
1,57,165.0
1,19,185.0
2,74,165.0
2,62,158.0
2,54,152.0
1,30,168.0
2,59,165.0
1,17,168.0
1,48,176.0
2,42,169.0
1,65,174.0
2,18,150.0
2,49,158.0
2,67,144.5
2,34,158.0
1,46,162.0
1,18,178.0
1,16,172.0
1,17,165.0
2,34,162.1
1,16,160.1
2,35,154.0
1,16,165.0
1,23,176.0
2,29,166.0
2,76,138.1
1,58,167.0
2,54,167.0
2,76,160.0
1,27,171.0
1,33,184.0
2,26,175.0
2,71,147.0
1,24,168.5
1,81,171.0
2,66,149.0
1,40,178.0
1,17,183.5
1,24,177.5
1,30,187.5
2,64,156.0
1,24,184.5
2,31,160.0
2,27,167.5
2,43,167.5
1,26,178.0
2,36,165.0
2,35,162.0
1,16,179.0
2,55,151.5
2,48,151.0
2,74,156.0
2,65,148.0
1,63,176.0
2,46,167.0
2,69,165.0
1,70,164.0
1,71,163.0
1,47,182.0
2,16,163.0
2,23,165.0
1,58,170.0
2,18,162.0
2,67,165.0
1,27,175.0
1,32,164.0
2,53,161.0
1,29,177.2
1,35,185.2
2,61,157.0
1,48,174.1
2,28,154.9
2,29,167.3
1,59,169.3
1,31,167.8
2,60,156.2
2,50,166.5
2,59,156.0
1,29,163.0
2,16,152.8
1,44,172.0
1,32,177.5
1,55,178.0
2,70,157.5
1,61,179.0
2,24,169.0
2,49,168.0
2,32,160.0
1,80,173.5
1,53,173.0
2,77,159.6
2,45,160.0
1,35,173.0
2,32,170.0
1,45,169.0
1,22,174.0
2,65,161.5
1,52,173.0
1,29,170.0
1,64,173.0
2,40,167.0
1,52,167.0
2,48,159.0
2,36,153.0
1,29,175.0
2,43,163.8
1,80,168.2
2,31,168.8
2,47,148.3
1,16,179.5
1,34,173.0
1,25,170.0
2,49,169.0
2,59,154.0
2,56,158.0
1,20,168.5
1,57,185.3
1,40,188.0
2,29,161.5
2,61,160.5
1,36,177.0
2,16,158.0
1,31,188.0
1,41,178.0
2,61,158.0
2,26,165.0
1,55,156.0
2,40,178.0
2,61,156.0
2,24,165.0
1,45,172.5
1,50,169.5
1,24,179.0
1,54,162.1
1,61,161.1
1,42,169.0
2,47,159.0
2,42,174.8
1,53,172.3
2,37,160.4
1,65,163.0
1,40,187.0
1,54,155.6
2,63,149.4
2,36,160.3
1,19,161.0
2,65,151.6
2,48,164.5
2,50,155.0
2,31,170.0
1,55,173.3
1,51,169.9
1,63,173.5
1,51,156.6
1,31,161.0
1,55,168.6
1,51,178.8
1,38,164.0
1,68,180.0
2,65,167.2
2,58,164.2
1,23,171.3
2,41,170.3
2,35,162.4
2,65,149.7
1,50,165.7
2,42,150.9
1,69,168.0
2,44,153.5
2,48,150.5
1,31,169.5
2,57,150.0
1,18,178.1
1,42,167.7
2,29,151.0
2,29,160.5
1,43,169.2
2,29,158.0
2,64,148.1
2,25,163.3
1,66,173.0
1,24,175.0
1,90,155.2
2,32,165.0
2,64,157.0
1,54,167.5
1,16,167.0
1,49,178.0
2,23,170.0
1,18,174.0
2,67,158.0
2,21,169.0
1,28,177.0
1,61,183.0
1,24,171.0
2,25,172.0
2,58,165.0
2,27,167.3
1,36,185.0
2,18,154.0
1,44,179.6
2,34,162.0
1,42,170.0
1,42,172.0
1,66,170.0
1,46,188.0
1,81,176.0
1,38,171.0
1,37,169.0
1,77,172.0
1,70,165.0
2,50,150.0
2,35,156.0
2,36,167.0
1,55,165.0
2,34,158.0
1,41,170.0
2,57,150.0
2,48,152.0
1,20,181.0
1,49,164.0
1,39,173.0
1,20,165.0
1,71,159.5
1,51,166.5
1,55,166.0
2,43,152.0
1,27,177.0
1,26,168.0
1,44,159.0
1,57,166.0
1,59,176.5
2,78,154.1
1,59,172.0
1,51,183.0
2,93,142.7
2,72,147.4
2,34,158.0
2,90,140.2
2,59,147.0
1,64,163.6
1,39,181.5
1,58,163.3
1,41,165.5
2,66,147.4
2,41,172.5
1,38,182.4
1,73,166.9
2,59,158.0
2,62,146.0
2,78,142.1
1,66,167.0
1,50,168.0
2,60,153.5
2,28,167.2
2,55,163.6
2,60,157.0
1,22,183.3
2,92,134.9
1,37,184.0
2,56,152.0
1,89,172.0
2,53,148.5
2,72,149.4
1,48,165.4
2,38,162.0
2,37,159.0
2,38,165.0
1,58,164.0
1,54,164.0
2,66,162.0
1,33,163.0
2,50,150.3
2,37,160.0
1,47,177.9
1,58,163.7
1,43,176.5
1,34,180.5
1,18,175.5
1,46,167.5
2,53,158.0
1,27,177.0
2,66,159.5
2,38,152.0
1,20,176.7
1,39,171.0
2,28,154.0
2,65,156.0
2,42,168.0
1,35,160.0
2,64,158.0
2,43,167.0
2,43,152.0
2,86,153.0
1,35,170.0
2,66,160.0
2,21,160.0
1,23,163.0
1,43,176.0
2,59,145.0
2,53,155.5
1,34,185.0
2,94,167.0
1,25,170.0
1,56,165.0
2,49,158.0
1,49,172.0
2,49,151.0
1,61,161.0
2,24,166.0
2,48,154.0
2,81,164.0
1,39,171.0
1,34,175.2
1,24,173.0
1,66,158.0
2,27,166.0
1,58,178.0
2,33,160.0
2,41,162.0
2,47,161.0
1,51,167.0
1,46,165.0
2,43,157.0
1,37,172.0
2,39,155.0
1,63,175.0
2,70,150.5
1,43,174.5
1,37,161.0
1,57,172.8
2,69,147.1
2,40,154.0
2,29,167.0
1,39,171.0
2,31,155.0
2,59,150.8
2,55,160.0
1,59,157.0
2,58,147.0
2,37,158.0
2,60,156.0
2,48,165.0
2,65,149.0
1,41,184.0
1,72,170.0
2,67,162.0
2,64,175.0
1,54,173.0
2,54,159.0
1,38,182.4
1,33,170.7
2,52,155.1
2,35,157.5
2,35,156.6
2,67,164.2
2,28,168.0
2,34,152.2
1,57,169.0
2,65,150.0
1,67,164.0
1,41,180.0
2,43,154.1
1,78,168.0
2,70,158.0
2,40,179.0
2,55,158.0
1,44,163.0
1,47,182.0
1,60,160.0
1,76,173.5
1,60,168.0
1,62,167.5
1,53,188.0
2,67,154.0
2,33,164.0
2,46,171.0
2,67,158.0
2,31,154.0
1,31,174.0
2,58,158.0
1,40,169.0
2,60,153.0
1,58,177.0
2,62,159.6
1,63,179.0
2,51,162.3
2,64,155.5
1,60,172.0
2,56,162.5
1,36,172.0
1,57,168.6
1,48,171.3
2,51,175.6
2,58,171.3
1,48,176.5
2,32,168.1
1,50,169.0
2,40,170.2
2,30,165.7
2,43,163.5
1,27,174.0
2,24,164.0
2,61,154.7
2,42,161.0
1,71,166.5
1,60,178.5
1,32,170.0
1,24,164.0
1,70,169.0
1,47,175.0
2,43,165.0
2,78,159.3
1,37,175.0
2,89,175.0
2,71,175.0
1,16,171.0
1,38,183.0
1,36,163.0
1,65,162.0
1,72,176.0
2,41,168.7
1,58,173.0
2,41,161.0
1,59,167.0
1,69,172.0
1,52,182.0
2,33,152.0
2,82,158.3
2,30,172.5
1,67,153.0
1,67,188.0
2,24,147.0
1,26,172.0
1,54,179.5
2,54,163.0
2,44,162.0
1,46,167.0
1,23,171.0
1,47,188.0
1,41,184.0
2,76,154.0
2,53,158.0
2,53,162.0
1,58,186.0
2,48,155.0
1,46,180.8
2,58,146.7
1,41,183.0
2,53,164.5
1,25,182.8
2,37,165.4
1,36,161.1
1,43,165.2
1,29,168.5
2,56,164.3
2,51,158.0
1,37,172.0
2,65,148.5
1,67,177.0
1,61,177.3
2,83,143.4
2,34,173.0
2,46,156.1
2,80,154.4
1,80,162.0
2,51,160.1
1,76,160.3
2,33,164.0
1,45,165.6
1,66,169.6
2,30,163.8
2,59,151.7
1,30,182.5
2,26,167.8
1,34,175.3
1,40,187.0
1,39,170.8
1,45,173.1
2,29,157.0
1,22,177.4
1,27,174.9
2,49,150.5
1,80,163.5
1,86,151.0
1,69,163.5
2,75,150.0
2,48,164.0
1,39,172.0
2,45,154.0
1,20,189.0
2,68,157.0
1,52,167.0
2,35,163.6
2,30,159.0
2,45,161.0
1,50,172.5
2,34,167.7
1,75,168.3
2,42,150.0
1,47,171.7
2,47,155.7
1,75,171.6
2,65,155.6
1,40,178.3
2,16,162.0
1,52,175.5
2,59,161.0
1,36,188.0
1,24,172.0
2,30,156.0
1,19,175.0
2,29,149.0
2,84,158.4
1,27,175.0
2,41,160.5
2,48,157.5
2,72,150.0
1,30,172.0
1,54,177.5
2,41,160.0
2,76,150.3
2,76,160.0
2,49,171.0
2,57,155.5
2,42,157.8
1,27,175.0
1,95,168.0
2,42,163.0
1,67,172.0
2,46,158.0
1,73,162.0
2,66,153.0
1,33,161.8
2,62,147.0
2,60,150.8
1,59,167.0
2,51,158.5
1,38,166.5
1,38,174.5
2,53,150.5
2,62,152.0
2,35,160.0
1,44,178.5
2,65,153.0
1,64,160.0
1,40,175.0
2,34,168.0
1,56,173.0
2,74,159.0
2,24,172.0
1,62,164.5
2,20,161.0
2,60,148.5
1,57,158.0
1,37,176.8
1,42,170.0
1,49,163.5
1,63,164.0
1,38,167.4
2,44,156.0
1,39,178.0
1,52,165.5
1,53,172.5
1,21,170.0
1,64,158.0
2,33,156.0
1,45,161.0
1,65,160.0
1,63,165.0
2,34,156.0
1,30,181.0
1,19,172.0
2,27,149.0
2,42,161.0
1,21,184.5
2,69,148.0
1,17,169.0
1,75,161.0
2,32,158.5
1,40,181.0
1,55,175.5
1,61,168.0
1,21,167.0
1,34,170.0
1,78,174.5
2,52,157.0
2,37,169.0
1,36,177.3
1,70,168.0
1,74,158.5
1,30,181.5
1,52,172.5
2,47,158.0
2,49,144.0
1,60,172.0
1,43,180.7
2,38,168.1
2,50,158.0
1,44,180.0
1,33,182.5
2,22,169.0
1,32,172.0
1,49,174.5
2,35,167.0
2,26,165.5
1,49,170.0
1,76,177.0
2,36,173.0
1,40,164.5
1,48,166.0
1,51,169.0
2,76,158.0
1,68,169.0
2,47,166.5
2,49,159.5
2,36,163.5
1,50,175.0
2,26,162.5
2,54,157.0
1,76,175.0
2,24,148.5
1,64,171.4
1,71,181.1
2,46,163.1
2,70,157.6
2,46,161.0
2,29,163.0
1,92,180.5
1,40,175.0
2,54,170.0
1,44,175.0
1,71,170.0
1,62,182.0
1,35,170.0
2,53,151.0
1,60,179.0
2,77,166.0
2,46,170.0
1,29,180.0
2,34,155.0
1,21,183.0
1,53,164.0
2,28,154.0
1,74,159.0
2,56,172.0
2,35,164.0
1,42,175.0
1,21,180.0
2,37,155.0
2,20,163.0
1,74,171.0
2,27,158.0
2,29,161.0
2,23,150.0
1,34,164.5
2,39,170.0
1,39,172.0
2,38,170.0
2,58,163.0
1,60,182.5
1,51,181.0
1,36,176.0
2,48,163.5
2,41,162.0
1,31,184.0
1,34,165.0
1,29,166.0
1,52,175.0
2,62,155.5
2,61,168.5
1,17,177.5
1,73,172.0
1,44,181.0
1,53,172.0
1,37,174.0
2,44,160.0
1,53,168.0
2,20,157.3
2,64,141.0
1,17,177.0
1,34,180.0
2,30,160.0
2,47,164.0
2,77,152.0
2,45,161.0
1,42,180.0
2,18,161.0
1,69,169.7
2,35,167.5
1,48,174.0
2,59,162.6
2,36,172.0
2,62,144.0
2,35,161.3
1,66,171.0
2,68,154.0
2,61,150.0
1,32,180.0
1,64,172.0
1,50,171.3
2,55,165.0
1,54,166.0
2,17,147.0
1,59,160.0
1,43,177.5
1,31,179.0
2,65,149.7
2,29,171.0
2,74,167.0
1,43,175.0
1,44,172.0
2,28,164.0
2,72,166.0
2,20,163.0
1,67,176.0
1,70,170.0
2,30,164.0
1,52,172.0
1,41,185.0
1,83,160.0
2,24,157.0
2,30,161.0
2,53,156.0
1,60,160.0
2,36,168.0
2,59,164.0
1,39,189.0
2,59,163.0
1,53,172.0
1,40,179.0
1,53,170.0
2,25,159.0
1,36,170.0
1,71,163.5
1,32,163.3
1,50,164.9
2,43,151.7
1,60,160.5
1,52,180.2
1,22,169.0
2,88,159.0
1,66,173.0
2,91,147.0
1,30,189.0
2,23,160.0
2,73,156.3
1,36,173.0
2,27,156.3
2,62,151.3
1,90,165.0
1,33,162.0
2,74,165.0
2,91,147.5
2,16,161.3
1,37,170.0
2,67,172.0
2,50,156.0
2,51,164.0
1,67,156.0
1,42,172.0
2,18,158.0
1,51,176.7
1,77,163.5
1,66,162.5
2,28,168.4
1,27,160.8
2,66,168.0
1,73,182.5
1,42,167.5
1,71,172.0
2,27,162.4
1,67,170.0
1,16,178.0
1,68,176.5
1,38,175.7
2,60,156.3
2,53,153.0
2,56,145.3
2,53,162.0
2,73,145.5
2,55,159.2
2,52,155.0
1,60,173.8
2,29,175.0
1,49,166.0
2,82,144.5
2,31,164.0
2,33,165.0
2,30,168.0
2,41,164.0
2,33,163.0
2,39,168.3
1,46,176.8
2,17,169.0
1,63,171.0
2,38,177.0
1,40,176.0
1,60,189.5
2,30,161.9
1,72,171.0
2,47,165.5
1,83,168.0
2,60,178.0
1,55,170.4
1,61,174.0
2,73,164.0
2,45,161.0
2,75,156.2
1,66,168.0
2,36,161.4
2,69,146.2
2,39,158.5
2,51,150.6
2,22,159.9
2,57,159.5
2,22,155.5
1,54,175.5
1,89,170.5
2,27,168.4
2,41,151.9
1,37,180.1
1,29,185.5
2,30,172.4
2,41,155.6
2,34,158.9
2,55,157.6
2,44,158.3
2,46,151.4
2,36,161.4
1,15,171.3
2,34,154.6
2,37,162.3
2,42,167.9
2,40,167.7
1,19,164.5
2,57,150.0
2,53,159.6
2,58,160.4
2,65,154.0
2,71,150.5
2,62,150.6
2,55,146.0
2,48,177.5
2,34,153.0
1,40,176.5
2,51,161.0
1,30,180.5
1,80,157.5
1,61,161.5
2,45,148.7
2,76,150.0
1,59,170.0
1,52,175.2
1,29,172.0
2,30,170.0
2,47,159.8
1,57,176.9
1,40,173.9
2,72,158.8
1,49,173.7
1,60,174.3
1,84,156.0
1,47,181.0
2,61,153.0
2,27,159.5
2,39,160.0
1,23,172.3
1,29,172.0
1,49,166.0
1,67,172.0
2,61,163.0
1,66,169.5
1,34,177.0
1,59,174.0
1,51,174.0
2,46,180.0
2,37,170.0
1,35,182.0
1,40,165.0
2,70,153.0
1,81,178.0
1,81,165.0
2,46,169.0
2,27,170.0
2,19,166.0
1,49,173.0
2,39,154.0
1,19,168.0
2,36,163.0
1,44,165.0
1,42,171.0
1,36,172.0
2,36,170.0
1,52,171.5
2,51,162.0
2,18,164.0
1,47,169.0
2,52,151.0
1,46,172.0
1,66,170.0
2,31,152.0
2,64,142.0
1,36,173.0
1,39,178.0
2,44,155.5
2,69,158.0
1,63,163.0
1,54,170.0
2,47,153.0
2,35,164.0
2,58,150.0
1,56,183.0
1,42,174.0
1,25,173.0
2,23,156.0
1,20,174.5
2,35,155.5
1,39,171.0
1,42,164.5
2,32,165.5
1,50,181.0
1,61,172.0
1,72,167.0
2,52,148.0
2,76,148.8
1,47,170.0
2,17,167.0
1,63,169.0
1,61,178.0
1,44,173.0
1,34,172.5
2,53,149.0
1,50,150.0
2,60,145.0
2,36,150.5
2,44,164.5
2,35,151.5
1,34,173.5
2,48,168.5
1,42,193.0
2,62,153.0
2,27,151.5
1,56,169.0
1,76,169.5
2,55,168.5
1,63,170.0
1,80,153.0
1,56,182.0
1,22,170.0
2,32,161.5
2,49,161.5
2,57,161.0
2,72,151.0
2,82,155.0
1,39,180.0
2,39,166.0
1,30,186.0
2,18,174.0
2,47,162.0
1,61,164.0
1,25,176.0
1,64,169.0
1,23,166.0
2,52,160.0
1,30,183.0
1,38,182.0
1,68,161.0
1,26,187.0
2,45,157.0
2,29,150.0
2,41,156.0
1,65,167.5
1,71,169.0
1,62,165.0
1,55,169.0
1,90,172.0
1,39,183.0
1,56,170.0
2,31,158.0
2,32,159.0
1,26,180.0
1,72,171.0
1,78,173.0
1,36,182.0
2,68,156.0
2,26,168.0
2,49,163.5
1,66,167.0
2,35,166.0
1,30,174.0
2,78,149.2
2,54,154.5
1,16,182.2
1,67,172.0
2,71,165.0
2,63,151.1
2,35,160.0
2,45,159.2
1,48,178.0
1,65,167.6
1,67,165.0
1,23,168.8
2,49,153.5
1,41,171.3
1,42,179.0
1,24,168.4
2,58,148.0
2,65,146.0
2,41,153.8
2,93,147.9
2,36,161.4
2,34,168.9
2,34,145.3
1,64,152.0
1,47,162.0
1,53,172.6
1,33,185.7
1,30,180.1
1,39,182.8
2,60,155.7
1,41,174.6
2,61,157.4
2,62,160.0
2,21,154.4
1,17,172.0
2,79,150.0
2,58,159.0
1,16,182.5
1,54,173.7
2,62,149.9
2,72,148.4
1,71,165.9
2,57,157.5
1,64,166.4
2,23,168.3
1,43,178.0
1,41,171.8
1,52,162.3
1,39,175.5
2,67,148.6
2,36,162.8
1,79,169.6
2,65,153.0
1,83,165.2
1,52,163.2
1,43,169.6
2,49,155.5
2,65,153.5
2,34,152.0
2,47,155.0
2,55,153.8
2,23,164.1
2,69,149.0
2,80,151.8
1,33,173.5
2,59,154.8
1,34,182.5
2,24,151.8
2,70,162.3
2,34,169.5
1,59,181.5
2,58,159.0
1,86,175.0
2,39,148.0
1,23,170.5
2,40,159.0
1,58,169.0
1,27,167.5
2,53,157.0
1,66,158.7
1,17,186.0
1,69,174.5
2,59,153.0
2,20,158.0
2,16,157.0
2,86,155.7
1,54,170.0
1,21,189.0
2,52,160.0
1,20,177.9
1,33,185.0
2,41,161.0
1,50,156.1
1,53,173.7
2,63,149.6
2,58,152.8
1,85,160.0
1,45,179.0
2,34,160.0
1,38,171.0
1,31,172.0
2,56,145.0
2,18,166.0
1,33,167.0
1,84,178.0
2,66,160.0
1,39,183.5
1,46,174.0
1,69,172.0
2,60,158.0
2,29,155.0
1,60,179.0
2,51,165.0
1,42,163.0
2,44,156.5
2,48,165.0
2,70,157.5
1,54,182.1
1,39,181.5
1,58,179.5
2,65,159.0
2,72,158.8
2,55,158.0
2,62,157.0
1,21,165.0
1,16,167.5
1,44,180.5
1,17,180.0
2,47,159.5
2,56,152.0
1,25,177.0
2,47,157.0
2,44,157.0
1,36,173.0
2,33,167.0
1,36,174.0
1,62,179.8
1,40,165.4
1,41,161.5
2,52,168.0
1,70,165.0
1,55,162.0
1,56,165.0
2,62,153.5
1,33,183.0
1,57,165.0
1,59,172.0
2,53,161.0
2,25,154.0
2,59,157.0
2,19,166.0
1,36,165.0
2,54,164.5
1,31,178.0
2,71,153.0
1,48,162.0
1,56,176.0
2,60,170.0
2,67,163.0
1,67,179.0
2,18,156.0
1,48,177.0
2,25,153.0
2,64,157.5
1,36,166.0
2,52,155.5
1,19,176.0
1,22,169.0
2,44,165.0
2,52,162.0
2,53,166.0
1,20,170.0
2,54,152.0
2,33,153.5
1,68,172.0
2,29,165.0
1,34,174.0
2,80,164.5
2,55,154.0
1,34,193.4
2,60,163.7
2,32,157.3
2,34,162.2
2,50,153.3
2,33,155.5
2,55,173.0
2,63,157.4
1,70,166.4
1,19,173.3
1,65,174.7
1,63,172.2
1,64,176.4
1,62,177.0
2,55,160.0
2,76,141.5
2,46,170.0
1,69,168.5
1,64,166.0
1,46,173.0
1,28,179.0
1,50,170.5
2,20,159.0
2,21,152.0
1,57,178.0
2,37,168.5
2,51,163.0
2,75,153.0
2,59,155.5
1,31,165.0
2,87,148.0
1,56,163.0
1,18,178.5
2,40,166.6
2,44,162.4
1,47,183.0
1,62,172.0
2,37,163.0
2,37,160.0
2,39,156.0
2,51,146.1
2,27,160.0
2,59,148.0
1,48,175.0
2,50,151.0
1,37,182.0
1,74,169.5
2,73,156.0
2,34,156.5
1,75,157.5
1,30,180.0
1,24,182.0
1,24,179.0
1,40,179.0
1,44,167.0
2,29,167.0
2,51,155.9
1,37,177.2
1,64,165.3
1,49,176.4
1,74,156.5
2,43,167.2
1,59,164.7
2,60,170.1
2,57,155.0
1,28,167.0
2,44,168.4
2,29,153.0
1,46,175.0
1,24,186.0
2,17,165.2
2,74,149.5
2,74,150.3
1,28,172.4
1,65,177.1
1,58,167.8
2,78,156.0
1,58,165.0
2,37,152.5
1,54,169.6
1,58,168.3
1,32,167.4
1,62,166.5
1,62,163.0
1,33,168.5
1,51,179.0
2,31,168.0
2,70,159.5
2,40,172.5
1,62,166.5
1,59,160.5
1,59,170.5
2,56,163.5
1,66,168.0
2,40,152.0
1,61,163.0
1,17,170.5
1,63,168.0
2,52,159.5
1,51,174.5
1,72,173.0
2,40,159.0
1,32,177.5
2,43,164.5
2,73,160.5
1,59,180.5
1,77,170.5
2,28,167.5
1,71,170.5
2,62,139.9
2,73,167.5
2,42,156.5
2,49,159.5
1,56,190.0
1,70,167.0
2,61,168.0
1,73,173.0
1,59,180.5
2,70,158.0
1,68,166.0
2,33,165.0
1,64,175.5
1,37,173.5
1,39,177.5
1,38,181.5
2,45,163.5
1,42,179.0
1,38,183.5
2,49,164.5
2,41,162.5
1,55,178.5
2,23,182.5
1,59,173.5
2,52,166.5
1,70,174.9
2,56,160.5
2,78,157.0
2,65,163.0
1,63,178.0
1,55,176.4
1,33,164.5
1,68,165.5
2,50,155.5
1,77,164.5
2,34,155.0
2,52,170.0
1,61,182.0
2,23,160.0
2,40,168.0
1,35,170.0
1,68,165.2
2,47,168.4
1,42,171.0
2,28,173.0
2,25,166.0
2,70,155.0
2,56,155.0
1,83,165.0
2,59,157.0
2,46,159.0
2,37,160.1
2,82,141.7
2,40,165.3
2,60,161.3
1,61,171.4
1,18,169.7
2,44,161.0
1,17,168.0
2,25,174.0
2,19,150.5
2,54,165.0
1,38,178.0
1,50,174.8
1,39,172.2
2,83,162.8
1,39,170.4
1,70,155.4
2,79,135.8
1,72,156.4
2,33,158.4
1,35,178.0
2,24,165.0
2,75,153.0
2,68,157.0
2,40,161.0
1,57,179.0
1,43,180.0
2,35,163.0
1,33,175.0
2,67,154.0
2,46,156.0
2,34,163.0
2,69,154.0
2,55,158.0
1,88,171.0
2,80,155.5
1,64,175.5
2,76,151.5
2,66,157.0
2,23,160.0
1,42,174.5
1,81,170.1
2,74,155.6
1,25,153.3
1,47,172.6
2,56,157.2
2,82,148.3
1,67,171.9
1,39,179.0
1,53,177.2
1,29,171.0
2,48,167.2
1,91,165.3
1,70,172.0
2,52,168.9
1,49,189.0
1,44,189.4
2,91,156.0
2,90,150.2
2,71,138.9
2,33,160.5
2,69,161.9
2,44,162.0
1,18,167.4
1,76,165.6
2,33,157.5
2,26,169.0
1,18,176.0
1,35,171.0
2,45,153.0
2,60,160.0
1,38,175.7
2,83,163.1
2,48,161.7
1,56,173.1
1,52,173.8
2,42,169.4
1,38,181.1
1,69,171.6
1,56,178.8
2,62,169.7
1,49,179.6
2,65,156.0
2,55,160.0
2,59,160.0
2,48,163.0
2,64,163.0
2,59,160.2
1,42,173.0
2,29,159.5
2,28,159.8
1,34,174.8
2,71,155.4
1,39,175.0
1,38,176.7
1,49,179.4
1,48,169.1
2,42,159.2
1,36,166.1
2,54,156.0
1,57,175.2
2,70,166.3
2,80,157.0
1,78,171.0
2,56,158.8
2,63,156.9
1,38,175.3
2,57,155.5
1,39,174.5
1,35,164.0
2,44,157.0
1,25,187.0
2,73,168.0
2,49,162.0
1,19,178.4
2,55,167.0
2,76,155.0
2,26,167.0
1,82,152.5
2,28,167.0
1,52,172.1
1,81,172.5
1,23,181.0
2,40,164.0
2,52,157.0
2,46,159.2
1,70,169.5
2,84,158.0
2,33,163.8
1,69,165.2
2,28,163.2
1,64,170.0
1,52,179.0
2,37,163.2
1,61,166.0
1,43,160.0
2,36,167.5
2,50,170.0
2,53,162.0
1,57,170.5
2,22,156.5
2,61,164.2
1,67,174.0
2,67,148.0
2,30,162.8
1,47,158.4
1,70,168.0
1,53,170.2
1,57,175.0
1,51,174.5
1,57,167.0
1,54,175.5
2,74,156.0
2,79,148.5
1,81,168.0
1,41,163.0
1,21,175.0
1,31,173.0
2,27,156.0
2,59,133.5
2,83,139.0
2,59,153.5
2,49,170.0
2,39,146.0
1,60,164.0
1,46,178.2
2,34,158.0
1,25,186.0
1,42,172.5
2,51,155.5
1,24,179.7
1,30,169.3
2,64,170.7
1,54,177.0
1,64,165.0
2,51,156.1
1,40,181.0
2,28,167.0
2,35,161.0
2,54,159.0
1,54,178.0
1,28,169.0
1,22,184.0
1,79,174.0
1,63,170.0
2,73,145.0
1,25,173.0
1,80,173.0
1,73,150.0
1,69,168.0
1,60,178.0
2,56,164.1
1,33,176.8
1,40,183.0
2,26,168.5
2,82,151.0
2,49,167.9
1,61,171.0
1,62,172.5
2,65,150.0
1,67,163.0
2,54,148.9
1,56,166.5
1,76,174.8
2,81,140.4
1,26,178.1
2,34,163.1
2,68,151.0
2,24,161.0
1,35,191.6
2,20,154.0
1,50,173.0
1,55,165.4
2,71,154.5
1,71,177.0
1,25,183.0
2,72,165.0
1,21,172.0
1,47,165.0
1,54,165.0
1,43,170.0
2,87,157.0
1,33,166.0
1,40,184.0
1,49,174.0
2,81,167.0
2,54,164.0
2,15,155.0
1,20,170.3
2,69,150.0
2,59,165.0
2,23,157.0
2,21,170.0
2,39,163.0
1,75,169.1
2,53,148.1
1,36,171.0
1,68,177.0
1,39,174.5
1,58,170.9
2,63,145.5
2,45,167.0
1,45,173.0
1,66,180.0
2,30,167.0
1,29,178.0
2,75,162.0
2,62,167.0
2,52,164.0
1,30,175.0
2,32,155.0
1,68,161.0
2,72,148.0
2,31,162.0
1,44,168.0
2,46,158.0
2,55,153.0
1,47,173.0
1,42,165.1
2,35,146.6
1,55,178.1
2,57,146.9
1,25,181.2
1,83,160.3
1,40,171.0
2,59,162.5
2,46,163.0
2,83,158.0
1,64,169.0
1,35,180.0
1,41,169.6
1,51,158.6
2,67,148.5
1,71,168.0
2,81,145.5
1,78,172.5
1,83,158.3
1,74,167.6
2,65,154.2
1,42,173.0
1,54,164.1
2,37,171.4
2,59,158.0
2,71,149.0
2,49,162.0
1,39,172.6
1,79,159.1
2,42,160.5
1,65,167.0
2,59,162.0
1,67,170.1
2,18,155.5
1,35,174.1
1,76,163.5
2,63,157.0
1,43,172.0
1,52,180.0
1,51,174.2
1,32,174.8
2,47,176.0
2,75,150.0
2,71,169.8
2,93,146.3
2,76,154.0
1,45,179.3
2,19,156.4
1,61,178.0
1,40,175.5
1,45,177.5
2,54,163.0
1,27,180.1
2,26,162.0
2,65,149.5
2,37,154.0
1,64,176.0
1,36,164.0
2,72,150.0
2,25,154.5
1,49,162.0
1,72,172.0
1,31,180.0
1,52,182.5
1,63,171.0
1,46,170.0
1,49,176.0
1,57,175.0
2,36,165.5
2,75,148.0
1,24,172.6
1,59,176.0
2,59,140.5
2,26,158.0
1,62,167.0
2,39,164.0
2,56,151.0
2,30,162.4
1,39,176.0
2,55,164.0
1,37,173.0
1,56,162.0
2,47,166.0
1,79,167.0
2,74,171.1
2,69,161.6
1,37,179.3
2,54,164.2
1,57,187.0
2,55,175.0
2,35,163.5
2,61,160.1
2,45,166.5
1,18,178.0
1,81,168.8
1,17,181.9
2,36,163.1
1,42,176.2
2,28,168.0
1,73,168.0
2,64,149.0
1,61,167.0
1,36,168.0
2,50,156.0
1,43,181.4
2,54,165.6
2,69,160.1
1,63,174.0
1,55,166.7
2,44,158.3
1,47,189.4
1,46,187.0
1,56,167.5
2,61,167.0
1,49,178.0
2,46,160.5
1,70,174.5
1,43,173.9
1,84,166.6
1,51,176.8
2,56,149.9
2,73,152.7
2,61,160.2
2,26,160.4
2,51,156.0
2,63,149.0
1,70,164.3
1,26,183.0
1,63,164.1
2,20,158.0
1,46,174.0
1,37,179.0
1,42,181.0
1,54,171.0
2,39,158.0
1,25,167.9
1,64,170.4
1,29,184.4
2,59,164.4
2,83,148.0
1,63,174.7
1,25,173.2
1,37,171.2
1,32,184.4
2,66,152.2
2,30,154.9
1,42,173.4
1,54,179.0
2,59,155.0
1,33,168.3
1,43,177.3
2,69,155.0
2,81,153.5
1,31,176.1
2,62,152.8
2,64,157.0
2,31,166.0
1,36,167.0
1,33,171.0
2,37,160.0
2,36,159.5
1,56,167.3
2,39,159.0
2,34,165.4
2,17,168.0
2,76,153.2
2,60,157.0
1,37,178.5
2,61,163.5
2,65,168.3
1,58,175.6
1,48,165.3
1,72,168.1
2,50,162.6
1,66,180.4
2,78,150.0
1,59,180.0
1,27,180.1
1,53,167.6
1,64,160.8
1,38,166.9
1,43,173.0
2,57,156.3
2,54,156.3
1,49,175.0
1,33,175.5
1,63,155.0
1,60,168.3
2,51,160.0
2,50,166.6
2,34,169.0
2,60,163.5
1,81,155.3
2,37,158.0
2,37,154.4
2,79,153.1
1,76,172.0
2,38,167.8
1,45,179.1
1,59,180.8
2,57,165.2
1,54,165.3
1,27,174.2
1,62,170.9
2,30,152.2
1,45,173.4
1,58,182.3
1,76,162.0
2,61,150.5
1,74,159.5
2,60,150.5
1,28,181.5
1,53,181.0
2,31,161.3
2,35,160.0
2,64,149.5
2,51,155.1
2,21,172.0
1,44,172.5
1,33,173.8
2,38,167.3
2,27,155.6
2,33,166.0
2,32,161.4
1,60,167.0
2,21,161.3
2,60,163.0
1,44,166.1
1,38,177.5
1,28,176.1
1,31,168.6
1,37,173.9
1,68,155.0
2,51,155.9
1,22,167.4
1,44,176.0
2,36,154.8
1,24,175.0
2,57,165.1
1,64,174.9
2,34,160.1
1,53,173.0
2,54,161.6
1,21,175.3
1,32,183.1
2,76,150.4
2,63,164.2
2,42,160.3
1,42,174.2
1,61,173.5
2,36,159.1
1,33,179.5
1,30,175.3
2,71,158.7
2,68,153.5
2,46,155.3
2,43,152.4
1,52,176.9
2,66,155.3
2,25,162.4
2,21,164.8
1,49,171.5
2,63,160.0
1,67,165.5
1,63,171.1
1,47,174.6
2,65,158.5
1,63,174.0
2,49,152.5
1,34,166.3
2,46,156.0
2,23,154.0
2,24,157.0
2,39,151.0
2,45,163.7
2,58,153.6
2,51,163.8
2,66,156.8
2,66,153.2
2,32,164.4
1,19,176.4
2,33,156.1
2,64,155.5
1,76,149.6
2,34,168.0
1,35,173.2
2,52,150.5
2,40,167.9
1,28,174.7
2,42,153.0
2,34,155.0
1,42,174.5
2,70,164.8
1,18,184.3
1,88,159.5
2,55,149.8
1,88,172.2
1,72,165.1
2,59,159.4
2,58,154.1
1,26,176.8
2,76,151.0
1,59,164.6
1,67,176.3
2,57,156.1
2,59,159.5
2,21,168.5
1,25,184.1
2,19,156.3
1,57,175.6
2,29,154.2
2,43,165.3
1,28,176.4
2,60,160.0
2,37,152.3
2,92,141.7
2,49,151.5
1,32,181.9
1,33,168.4
1,60,179.3
1,33,166.6
1,78,159.2
1,57,178.9
1,73,161.4
1,87,166.6
1,56,178.5
1,27,171.5
1,81,159.1
2,64,153.2
2,41,163.4
2,49,160.4
2,34,159.5
2,33,163.0
2,75,167.1
1,54,175.2
1,47,168.4
2,61,150.5
1,56,161.9
2,26,160.6
2,28,150.4
2,70,156.4
2,80,163.9
1,44,171.8
2,54,153.3
1,65,168.2
2,69,157.6
2,28,167.7
1,36,165.3
2,59,157.9
1,57,167.0
1,54,165.0
1,72,166.1
2,21,150.2
1,27,172.8
1,25,183.2
2,33,155.8
1,49,173.0
1,63,167.2
2,42,153.6
1,59,174.9
2,26,166.0
1,31,187.5
1,69,170.0
1,62,174.1
2,35,159.0
1,34,167.0
2,61,155.0
2,47,150.0
1,82,168.4
2,58,166.6
1,28,182.0
2,54,158.5
1,30,169.0
1,33,174.0
2,74,149.5
1,32,180.0
1,22,172.0
2,37,163.0
2,34,159.0
2,65,157.0
1,32,182.0
1,48,176.0
2,39,157.0
1,67,165.0
1,18,178.1
1,68,172.4
1,24,172.9
2,38,155.5
1,35,161.4
1,56,169.7
2,54,159.0
1,35,186.0
1,54,169.8
1,51,177.3
1,84,158.5
1,26,179.9
2,43,167.0
2,42,155.0
2,58,157.5
2,74,150.3
2,56,158.0
2,71,154.6
1,37,180.0
1,33,170.0
1,23,164.5
2,31,164.0
1,34,170.0
2,29,160.0
2,36,167.0
2,43,163.0
1,71,163.0
2,54,155.0
1,51,171.0
2,44,135.0
2,56,151.5
2,61,147.9
1,52,172.0
2,74,156.0
2,66,151.8
1,20,183.2
2,54,154.3
1,17,168.2
1,35,176.8
2,28,164.0
2,86,151.0
1,36,178.0
2,58,158.5
1,76,170.0
2,37,163.0
1,43,177.2
1,60,158.9
1,74,190.1
2,71,153.4
2,37,159.0
1,74,159.1
2,42,159.9
1,56,168.5
1,64,144.0
1,60,166.0
2,38,159.5
2,18,166.5
1,47,171.0
1,37,173.0
2,61,156.0
2,21,158.0
2,26,161.0
1,39,164.0
1,24,181.0
2,43,164.0
2,25,153.0
2,52,160.0
2,43,167.5
2,43,152.0
1,29,175.1
2,70,143.0
1,31,180.0
1,30,172.5
1,34,164.8
2,47,148.5
2,23,156.2
1,24,175.5
1,40,169.0
1,52,166.5
1,38,177.0
2,25,150.0
2,33,154.0
1,46,176.0
1,42,170.0
1,82,159.0
1,72,164.0
2,54,164.0
1,56,168.5
1,30,173.1
2,31,151.0
1,31,173.5
1,38,167.5
1,56,175.3
1,32,184.0
1,27,179.0
1,32,167.0
2,48,157.0
2,55,161.0
2,27,161.0
2,47,158.0
1,45,163.5
2,17,148.5
1,41,163.0
1,71,163.0
1,27,182.5
2,43,150.0
2,51,154.4
2,27,165.0
2,45,172.0
1,28,187.0
2,51,175.0
1,51,174.0
1,27,170.0
2,37,154.0
1,26,167.0
1,51,166.0
2,55,167.5
2,45,161.0
2,56,152.5
2,23,157.0
2,52,159.0
2,55,160.0
2,44,163.0
1,52,174.0
1,55,172.0
1,30,177.0
2,37,145.0
1,37,174.5
1,23,182.0
1,56,165.8
1,63,168.8
2,43,162.7
1,73,163.6
2,52,164.6
1,55,168.4
1,75,156.0
1,54,172.0
1,53,173.5
2,24,157.0
1,41,177.3
1,56,167.8
2,46,155.0
1,24,178.0
2,29,164.5
1,18,167.5
1,28,165.0
1,46,160.5
2,49,158.0
1,59,157.0
2,75,153.0
1,38,174.2
2,47,153.5
2,61,157.9
2,28,163.5
1,30,173.5
2,29,174.0
2,24,162.0
2,20,154.0
1,19,168.0
1,22,187.0
1,24,172.5
2,50,160.0
2,29,160.5
2,27,151.5
1,26,172.0
2,45,164.0
2,39,163.0
1,58,171.5
2,28,159.0
1,50,160.5
1,71,176.0
1,33,170.0
1,54,175.0
1,50,172.0
1,25,168.0
1,33,169.0
1,23,174.0
1,37,182.0
1,59,171.5
1,44,168.0
1,54,159.0
2,29,167.8
1,51,170.5
2,58,152.0
1,55,170.0
1,73,162.5
1,56,177.5
1,48,185.1
2,45,159.0
1,18,175.0
1,42,178.0
1,61,177.0
1,51,179.0
1,76,185.0
2,66,157.0
1,81,170.0
1,48,168.0
2,58,150.3
2,64,160.1
2,65,151.3
2,34,165.2
1,16,180.2
2,63,159.0
1,53,179.0
2,18,159.8
2,65,158.2
2,44,157.5
1,19,170.7
1,29,170.0
2,48,157.5
1,56,174.2
2,50,153.2
1,32,171.0
1,33,172.0
2,38,167.0
2,49,150.0
2,68,145.5
1,25,173.4
1,38,160.0
1,37,159.7
1,46,181.0
2,43,160.5
1,38,174.0
2,29,159.0
1,28,181.0
2,60,165.5
2,53,148.5
1,51,181.0
1,60,179.0
1,46,168.0
2,79,160.5
1,39,165.0
1,29,170.0
2,46,166.0
1,32,169.0
2,43,156.5
2,57,161.0
2,41,167.0
1,56,163.7
2,47,161.2
1,32,175.0
2,26,151.7
1,43,179.8
2,44,168.0
2,69,149.0
2,68,149.0
1,25,168.0
1,46,176.0
2,54,152.0
1,81,150.5
2,62,155.0
2,57,152.0
1,50,162.0
2,46,152.0
1,45,188.0
1,36,165.0
2,49,168.0
2,76,162.0
2,42,163.0
2,50,145.0
1,80,166.0
1,43,162.0
1,59,169.0
1,59,180.0
1,17,172.0
2,51,158.0
1,28,171.0
2,45,151.0
1,67,167.0
1,39,175.0
2,51,164.0
2,79,145.0
2,56,157.0
1,74,164.1
1,16,165.0
1,45,164.0
1,25,173.0
2,35,155.5
1,35,165.3
1,51,161.0
2,43,164.0
1,26,172.7
2,26,152.0
2,48,162.0
1,47,162.0
2,44,154.0
2,16,165.0
2,15,164.0
2,57,160.0
1,59,169.0
1,38,178.0
1,64,165.0
2,32,167.0
1,35,164.0
2,77,145.2
2,41,162.3
1,18,171.1
1,20,178.0
2,62,156.0
2,79,144.5
2,33,157.6
2,52,147.6
2,45,151.2
1,54,161.9
1,33,169.6
1,23,173.5
1,37,184.0
1,44,166.1
2,57,164.7
1,61,164.4
1,20,176.5
2,51,158.0
1,48,170.9
1,58,168.3
1,53,183.0
2,43,150.8
1,22,167.3
1,59,172.3
1,45,180.1
2,70,158.0
2,48,164.4
1,55,172.0
2,66,152.0
2,63,158.0
2,48,149.0
1,62,165.0
2,44,154.0
1,55,174.0
1,41,177.0
1,50,176.5
2,29,165.0
2,74,151.0
2,55,154.5
2,16,170.0
1,44,162.0
2,53,161.0
1,45,176.0
1,17,172.0
1,59,177.0
1,65,169.0
1,66,170.0
1,60,170.0
1,46,169.0
2,33,154.0
1,32,179.0
2,55,162.0
2,45,165.0
2,51,160.5
1,34,169.0
2,71,143.5
1,54,170.0
1,36,185.0
1,74,158.0
2,40,154.0
2,33,163.0
2,50,163.0
2,66,162.5
1,20,178.0
1,28,175.0
2,75,150.0
1,21,175.0
1,78,166.0
2,72,157.0
2,43,164.0
2,34,159.0
2,45,170.0
2,45,159.0
2,19,166.5
1,26,167.0
2,44,153.0
1,34,168.8
2,68,157.0
2,62,169.0
1,48,160.0
2,46,150.0
2,53,150.0
2,55,165.0
2,64,165.0
1,73,170.0
1,29,179.0
2,67,161.0
1,79,160.3
2,67,156.0
1,64,160.0
1,50,163.0
1,44,169.0
2,71,164.0
1,45,182.1
2,57,168.5
1,55,172.0
2,52,155.0
1,52,168.0
1,88,168.0
1,39,177.0
1,34,176.0
1,33,179.0
2,72,152.0
1,22,185.0
1,48,170.0
1,27,164.0
2,48,152.0
2,49,150.5
1,43,173.0
2,20,169.0
1,32,179.0
1,33,171.0
1,46,184.0
1,28,174.0
2,32,164.5
1,31,178.5
1,78,159.3
1,41,178.3
1,51,168.0
1,74,159.0
1,32,181.0
2,42,165.0
2,37,161.0
2,40,152.0
2,25,164.0
2,18,160.0
1,70,165.5
1,55,172.0
2,39,161.0
2,62,149.0
2,50,175.5
1,25,188.0
1,67,173.5
1,69,163.0
2,85,149.0
1,56,177.0
1,51,168.0
1,45,179.0
1,16,184.3
1,66,166.4
2,30,167.5
2,44,156.4
2,77,160.3
1,61,162.0
2,29,171.5
1,61,168.0
2,41,162.0
2,65,146.8
2,54,155.0
2,60,156.0
2,61,157.0
2,31,161.0
1,77,166.0
2,27,167.5
1,24,183.0
2,73,155.0
1,29,167.5
1,51,160.0
1,33,177.5
1,50,168.0
2,39,158.0
1,34,178.0
2,56,158.0
1,78,164.0
2,45,149.0
1,51,178.1
1,53,170.0
1,55,175.0
2,16,172.0
1,50,170.0
2,48,159.0
1,31,179.0
1,23,179.5
2,32,163.0
1,36,170.0
1,21,185.0
2,37,167.0
1,60,169.5
1,22,176.0
2,84,158.6
1,63,168.0
1,63,172.0
2,70,150.0
2,54,163.0
2,65,161.0
2,60,157.0
1,56,180.0
1,51,159.0
1,22,176.0
2,55,155.0
1,54,180.0
1,21,175.0
1,35,177.0
1,54,176.0
2,67,155.0
1,28,186.5
2,24,166.3
2,40,165.0
2,49,167.0
1,16,168.5
2,21,176.1
1,75,169.1
2,38,149.1
1,39,174.7
1,38,175.1
2,69,139.9
1,56,184.1
1,30,178.0
2,54,154.8
1,29,175.5
1,42,176.0
1,47,170.0
2,44,145.0
2,30,165.0
2,20,170.1
2,21,165.2
2,81,154.1
2,39,169.0
1,65,177.6
1,37,175.3
1,30,176.5
1,63,155.0
2,43,156.5
1,26,177.0
2,43,160.0
2,73,165.0
1,24,172.0
1,61,167.0
2,52,145.5
2,49,165.5
2,29,158.0
1,29,167.5
2,21,159.5
1,78,163.4
2,24,158.5
1,54,175.3
2,27,160.0
2,30,162.0
1,45,177.0
2,52,163.5
2,43,151.5
2,74,150.0
2,32,158.8
1,59,177.0
2,64,160.0
2,42,168.3
2,47,160.0
1,59,172.4
1,37,180.7
2,18,160.8
1,51,171.2
1,42,162.6
1,33,170.0
1,34,168.1
2,35,173.8
2,48,143.5
2,35,168.7
2,44,155.4
2,30,160.4
2,77,165.1
